Public Food Key,Classification,Food Name,"Energy, with dietary fibre","Energy, without dietary fibre",Moisture (water),Protein,Nitrogen,Total fat,Ash,Total dietary fibre,Alcohol,Fructose,Glucose,Sucrose,Maltose,Lactose,Galactose,Maltotriose,Total sugars,Added sugars,Free sugars,Starch,Dextrin,Glycerol,Glycogen,Inulin,Mannitol,Maltodextrin,Oligosaccharides,Raffinose,Stachyose,Sorbitol,Resistant starch,"Available carbohydrate, without sugar alcohols","Available carbohydrate, with sugar alcohols",Acetic acid,Citric acid,Fumaric acid,Lactic acid,Malic acid,Oxalic acid,Propionic acid,Quinic acid,Succinic acid,Tartaric acid,Aluminium (Al),Antimony (Sb),Arsenic (As),Cadmium (Cd),Calcium (Ca),Chromium (Cr),Chloride (Cl),Cobalt (Co),Copper (Cu),Fluoride (F),Iodine (I),Iron (Fe),Lead (Pb),Magnesium (Mg),Manganese (Mn),Mercury (Hg),Molybdenum (Mo),Nickel (Ni),Phosphorus (P),Potassium (K),Selenium (Se),Sodium (Na),Sulphur (S),Tin (Sn),Zinc (Zn),Retinol (preformed vitamin A),Alpha-carotene,Beta-carotene,Cryptoxanthin,Beta-carotene equivalents (provitamin A),Vitamin A retinol equivalents,Lutein,Lycopene,Xanthophyl,Thiamin (B1),Riboflavin (B2),Niacin (B3),Niacin derived from tryptophan,Niacin derived equivalents,Pantothenic acid (B5),Pyridoxine (B6),Biotin (B7),Cobalamin (B12),"Folate, natural",Folic acid,Total folates,Dietary folate equivalents,Vitamin C,Cholecalciferol (D3),Ergocalciferol (D2),25-hydroxy cholecalciferol (25-OH D3),25-hydroxy ergocalciferol (25-OH D2),Vitamin D3 equivalents,Alpha tocopherol,Alpha tocotrienol,Beta tocopherol,Beta tocotrienol,Delta tocopherol,Delta tocotrienol,Gamma tocopherol,Gamma tocotrienol,Vitamin E,C4,,C6,,C8,,C10,,C11,,C12,,C13,,C14,,C15,,C16,,C17,,C18,,C19,,C20,,C21,,C22,,C23,,C24,,Total saturated fatty acids,,C12:1,,C14:1,,C15:1,,C16:1,,C17:1,,C18:1,,C20:1,,C22:1,,C24:1,,Total monounsaturated fatty acids,,C16:2w4,,C16:3,,C18:2w6,,C18:3w3,,C18:3w4,,C18:3w6,,C18:4w1,,C18:4w3,,C20:2w6,,C20:3w3,,C20:3w6,,C20:4w3,,C20:4w6,,C20:5w3,,C22:2w6,,C22:4w6,,C22:5w3,,C22:5w6,,C22:6w3,,Other polyunsaturated fatty acids,,Total polyunsaturated fatty acids,,Total long chain omega 3 fatty acids,,Total undifferentiated fatty acids,,Total trans fatty acids,,Caffeine,Cholesterol,Tryptophan,,Alanine,,Arginine,,Aspartic acid,,Cystine plus cysteine,,Glutamic acid,,Glycine,,Histidine,,Isoleucine,,Leucine,,Lysine,,Methionine,,Phenylalanine,,Proline,,Serine,,Threonine,,Tyrosine,,Valine,
,,,kJ,kJ,g,g,g,g,g,g,g,g,g,g,g,g,g,g,g,g,g,g,g,g,g,g,g,g,g,g,g,g,g,g,g,g,g,g,g,g,g,g,g,g,g,ug,ug,ug,ug,mg,ug,mg,ug,mg,ug,ug,mg,ug,mg,mg,ug,ug,ug,mg,mg,ug,mg,mg,ug,mg,ug,ug,ug,ug,ug,ug,ug,ug,ug,mg,mg,mg,mg,mg,mg,mg,ug,ug,ug,ug,ug,ug,mg,ug,ug,ug,ug,ug,mg,mg,mg,mg,mg,mg,mg,mg,mg,%,g,%,g,%,g,%,g,%,g,%,g,%,g,%,g,%,g,%,g,%,g,%,g,%,g,%,g,%,g,%,g,%,g,%,g,%,g,%,g,%,g,%,g,%,g,%,g,%,g,%,g,%,g,%,g,%,g,%,mg,%,g,%,g,%,g,%,g,%,mg,%,g,%,mg,%,mg,%,mg,%,mg,%,mg,%,mg,%,mg,%,mg,%,mg,%,mg,%,g,%,mg,%,g,%,mg,%,g,%,mg,%,mg,mg,mg,mg/g N,mg,mg/g N,mg,mg/g N,mg,mg/g N,mg,mg/g N,mg,mg/g N,mg,mg/g N,mg,mg/g N,mg,mg/g N,mg,mg/g N,mg,mg/g N,mg,mg/g N,mg,mg/g N,mg,mg/g N,mg,mg/g N,mg,mg/g N,mg,mg/g N,mg,mg/g N,mg
F009351,31401,"Vanilla, artificial or imitation",231,231,85.6,0,0,0,0.1,0,0,,,,,,,,14.4,0,0,0,,,,,,,,,,,,14.4,14.4,,,,,,,,,,,,,,,3,,,,,,0.2,0.05,,1,,,,,0,0,0,3,,,0.01,0,,0,,0,0,,,,0.003,0.029,0.13,0,0.13,,0.01,,0,0,0,0,0,0,0,0,0,0,0,0,,,,,,,,0,,,,,,,,,,,,,,,,,,,,,,,,,,,,,,,,,,,,,0,0,,,,,,,,,,,,,,,,,,,0,0,,,,,0,0,0,0,,,,,,,,,,,,,,,,,,,0,0,,,,,0,0,,,0,0,,,0,0,0,0,,,0,0,0,0,0,0,,,,,,,,,,,,,,,,,,,,,,,,,,,,,,,,,,
F000996,29101,"Beer, high alcohol (5% v/v & above)",176,176,92.8,0.5,0.08,0,0,0,4.6,0,0,0,0.2,0,,0.1,0.2,0,0,0,1.3,,,,,0.5,,,,,,2.1,2.1,0,0,,0,0,,,0,0,0.1,1.6,0,0,0,4,0.2,39,,0.003,60.6,0,0.01,0,9,0.226,0,0.2,1,23,55,0,4,8,0,0,0,0,0,0,0,0,,,,0,0.04,0,0.06,0.06,0,0.03,1,0,0,0,0,0,0,0,0,0,0,0,0,,0,,0,,0,,0,,,,,,,,,,,,,,,,,,,0,0,,,,,,,,,,,,,,,,,0,0,,,,,,,,,,,0,0,,,,,,,0,0,,,,,0,0,0,0,,,,,,,,,,,,,,,,,,,0,0,,,,,0,0,,,0,0,,,0,0,0,0,,,0,0,0,0,42,3,,,,,,,,,,,,,,,,,,,,,,,,,,,,,,,,,,
F000994,29101,"Beer, full strength (alcohol 4-4.9% v/v)",153,153,93.9,0.4,0.06,0,0.1,0,3.7,0,0,0,0,0,,0,0.1,0,0,0,1.8,,,,,0.4,,,,,,2.3,2.3,0,0,,0,0,,,0,0,0.1,1.9,0,0,0,4,0.2,25,,0.002,50.5,0,0,0,6,0.034,0,0,1,16,36,0,5,11,0,0,0,0,0,0,0,0,,,,0,0.03,0,0.05,0.05,0,0.03,0.9,0,0,0,0,0,0,0,0,0,0,0,0,,0,,0,,0,,0,,,,,,,,,,,,,,,,,,,0,0,,,,,,,,,,,,,,,,,0,0,,,,,,,,,,,0,0,,,,,,,0,0,,,,,0,0,0,0,,,,,,,,,,,,,,,,,,,0,0,,,,,0,0,,,0,0,,,0,0,0,0,,,0,0,0,0,42,3,,,,,,,,,,,,,,,,,,,,,,,,,,,,,,,,,,
F000995,29101,"Beer, full strength (alcohol 4-4.9% v/v), carbohydrate modified",127,127,95.5,0.3,0.05,0,0,0,3.6,0,0,0,0,0,,0,0,0,0,0,0.8,,,,,0.2,,,,,,1,1,0,0,,0,0,,,0,0,0,1.3,,0,0,3,0,19,,0.001,70.7,0,0.01,0,5,0.008,,0,1,16,28,0,4,7,,0,0,0,0,0,0,0,,,,0,0,0,0.03,0.03,0,0.03,0.9,0,0,0,0,0,0,0,0,0,0,0,0,,0,,0,,0,,0,,,,,,,,,,,,,,,,,,,0,0,,,,,,,,,,,,,,,,,0,0,,,,,,,,,,,0,0,,,,,,,0,0,,,,,0,0,0,0,,,,,,,,,,,,,,,,,,,0,0,,,,,0,0,,,0,0,,,0,0,0,0,,,0,0,0,0,42,2,,,,,,,,,,,,,,,,,,,,,,,,,,,,,,,,,,
F001006,29102,"Beer, mid-strength (alcohol 3-3.9% v/v)",129,129,95,0.3,0.05,0,0,0,3,0,0,0,0,0,,0.1,0,0,0,0,2,,,,,0,,,,,,2.2,2.2,0,0,,0,0,,,0,0,0.1,2.1,,0,0,4,0,28,,0.002,82.82,0,0,0,5,0.008,,0,1,12,31,0,3,7,,0,0,0,0,0,0,0,,,,0,0,0,0.03,0.03,0,0.03,0.9,0,0,0,0,0,0,0,0,0,0,0,0,,0,,0,,0,,0,,,,,,,,,,,,,,,,,,,0,0,,,,,,,,,,,,,,,,,0,0,,,,,,,,,,,0,0,,,,,,,0,0,,,,,0,0,0,0,,,,,,,,,,,,,,,,,,,0,0,,,,,0,0,,,0,0,,,0,0,0,0,,,0,0,0,0,42,2,,,,,,,,,,,,,,,,,,,,,,,,,,,,,,,,,,
F001004,29102,"Beer, light (alcohol 1- less than 3% v/v)",101,101,95.4,0.2,0.03,0,0,0,2.1,0,0,0,0,0,,0,0,0,0,0,1.9,,,,,0.2,,,,,,2.2,2.2,0,0,,0,0,,,0,0,0,0,,0,0,3,0,28,,0.001,82.82,0,0,0,5,0.006,,0,1,12,28,0,3,7,,0,0,0,0,0,0,0,,,,0,0,0,0.02,0.02,0,0.03,0.9,0,0,0,0,0,0,0,0,0,0,0,0,,0,,0,,0,,0,,,,,,,,,,,,,,,,,,,0,0,,,,,,,,,,,,,,,,,0,0,,,,,,,,,,,0,0,,,,,,,0,0,,,,,0,0,0,0,,,,,,,,,,,,,,,,,,,0,0,,,,,0,0,,,0,0,,,0,0,0,0,,,0,0,0,0,42,1,,,,,,,,,,,,,,,,,,,,,,,,,,,,,,,,,,
F000051,29301,"Alcoholic beverage, spirit, approximately 40% v/v, all (Brandy, Gin, Rum, Vodka and Whisky)",857,857,64.2,0,0,0,0,0,29.5,0,0,0.1,0,0,,,0.1,0,0,0,,,,,,,,,,,,0.1,0.1,,,,,,,,,,,,,,,1,,0,,0.006,43.2,0,0.05,,0,0,,,,0,1,0,3,0,,0.02,0,,0,,0,0,,,,0,0,0,0,0,,0,,0,0,0,0,0,0,0,0,0,0,0,0,,,,,,,,0,,,,,,,,,,,,,,,,,,,0,0,,,,,,,,,,,,,,,,,0,0,,,,,,,,,,,0,0,,,,,,,0,0,,,,,0,0,0,0,,,,,,,,,,,,,,,,,,,0,0,,,,,0,0,,,0,0,,,0,0,0,0,,,0,0,0,0,0,0,,,,,,,,,,,,,,,,,,,,,,,,,,,,,,,,,,
F000050,29301,"Alcoholic beverage, spirit, approximately 30% v/v, all (Brandy, Gin, Rum, Vodka and Whisky), cooked",290,290,83,0,0,0,0,0,9.8,0,0,0.3,0,0,,,0.3,0,0,0,,,,,,,,,,,,0.3,0.3,,,,,,,,,,,,,,,1,,1,,0.01,61.44,0,0.06,,1,0,,,,0,1,0,2,2,,0.06,0,,0,,0,0,,,,0,0,0,0,0,,0,,0,0,0,0,0,0,0,0,0,0,0,0,,,,,,,,0,,,,,,,,,,,,,,,,,,,0,0,,,,,,,,,,,,,,,,,0,0,,,,,,,,,,,0,0,,,,,,,0,0,,,,,0,0,0,0,,,,,,,,,,,,,,,,,,,0,0,,,,,0,0,,,0,0,,,0,0,0,0,,,0,0,0,0,0,0,,,,,,,,,,,,,,,,,,,,,,,,,,,,,,,,,,
F002955,29401,"Cider, apple (alcohol approximately 4-5% v/v)",211,211,90.1,0,0,0,0,0,4,1.6,1.7,2.3,0,0,,,5.7,0,5.7,0,,,,,,,,,,,,5.7,5.7,0,0.2,,0,0.3,,,,0,0,26.5,,0,0,3,0.3,0,,0.006,0.07,0,0.02,0.1,2,0.013,,0,,12,56,0,3,,,0.01,0,0,0,0,0,0,,,,0,0,0,0,0,0,0.02,,0,0,0,0,0,2,0,0,0,0,0,0,,0,,0,,0,,0,,,,,,,,,,,,,,,,,,,0,0,,,,,,,,,,,,,,,,,0,0,,,,,,,,,,,0,0,,,,,,,0,0,,,,,0,0,0,0,,,,,,,,,,,,,,,,,,,0,0,,,,,0,0,,,0,0,,,0,0,0,0,,,0,0,0,0,7,0,,,,,,,,,,,,,,,,,,,,,,,,,,,,,,,,,,
F009572,29201,"Wine, red, cabernet sauvignon",329,329,85.2,0.3,0.05,0,0.3,0,10.9,0.1,0.1,0,0,0,,,0.2,0,0.2,0,,,,,,,,,,,,0.2,0.2,0,0,,0.2,0,,,0,0.2,0.2,20.9,,0,0,7,1,24,,0.024,18.81,1.7,0.15,0,13,0.113,,0,,35,116,0,4,14,,0.07,0,0,0,0,0,0,,,,0,0,0,0,0,0,0,,0,0,0,0,0,0,0,0,0,0,0,0,,0,,0,,0,,0,,,,,,,,,,,,,,,,,,,0,0,,,,,,,,,,,,,,,,,0,0,,,,,,,,,,,0,0,,,,,,,0,0,,,,,0,0,0,0,,,,,,,,,,,,,,,,,,,0,0,,,,,0,0,,,0,0,,,0,0,0,0,,,0,0,0,0,6,0,,,,,,,,,,,,,,,,,,,,,,,,,,,,,,,,,,
F009574,29201,"Wine, red, merlot",326,326,85.4,0.3,0.05,0,0.2,0,10.8,0.2,0.2,0,0,0,,,0.4,0,0.4,0,,,,,,,,,,,,0.4,0.4,0,0,,0.1,0,,,0,0.1,0.3,20.7,,0,0,7,0.6,24,,0.022,18.81,1.5,0.17,0,12,0.11,,0,,26,90,0,5,14,,0.07,0,0,0,0,0,0,,,,0,0,0,0,0,0,0,,0,0,0,0,0,0,0,0,0,0,0,0,,0,,0,,0,,0,,,,,,,,,,,,,,,,,,,0,0,,,,,,,,,,,,,,,,,0,0,,,,,,,,,,,0,0,,,,,,,0,0,,,,,0,0,0,0,,,,,,,,,,,,,,,,,,,0,0,,,,,0,0,,,0,0,,,0,0,0,0,,,0,0,0,0,6,0,,,,,,,,,,,,,,,,,,,,,,,,,,,,,,,,,,
F009575,29201,"Wine, red, pinot noir",318,318,86,0.2,0.03,0,0.3,0,10.6,0,0.1,0,0,0,,,0.2,0,0.2,0,,,,,,,,,,,,0.2,0.2,0.1,0,,0.2,0,,,0,0.1,0.2,22.4,,0,0,7,0.8,24,,0.015,18.81,0,0.17,0,15,0.156,,0,,32,90,0,2,14,,0.1,0,0,0,0,0,0,,,,0,0,0,0,0,0,0,,0,0,0,0,0,0,0,0,0,0,0,0,,0,,0,,0,,0,,,,,,,,,,,,,,,,,,,0,0,,,,,,,,,,,,,,,,,0,0,,,,,,,,,,,0,0,,,,,,,0,0,,,,,0,0,0,0,,,,,,,,,,,,,,,,,,,0,0,,,,,0,0,,,0,0,,,0,0,0,0,,,0,0,0,0,6,0,,,,,,,,,,,,,,,,,,,,,,,,,,,,,,,,,,
F009577,29201,"Wine, red, shiraz",338,338,84.6,0.2,0.03,0,0.3,0,11.4,0.1,0.1,0,0,0,,,0.1,0,0.2,0,,,,,,,,,,,,0.1,0.1,0,0,,0.1,0,,,0,0.2,0.3,16.7,,0,0,6,1,24,,0.017,18.81,2.2,0.18,0,15,0.122,,0,,32,114,0,7,14,,0.09,0,0,0,0,0,0,,,,0,0,0,0,0,0,0,,0,0,0,0,0,0,0,0,0,0,0,0,,0,,0,,0,,0,,,,,,,,,,,,,,,,,,,0,0,,,,,,,,,,,,,,,,,0,0,,,,,,,,,,,0,0,,,,,,,0,0,,,,,0,0,0,0,,,,,,,,,,,,,,,,,,,0,0,,,,,0,0,,,0,0,,,0,0,0,0,,,0,0,0,0,6,0,,,,,,,,,,,,,,,,,,,,,,,,,,,,,,,,,,
F009571,29201,"Wine, red",332,332,85,0.2,0.04,0,0.3,0,11.1,0.1,0.1,0,0,0,,,0.2,0,0.2,0,,,,,,,,,,,,0.2,0.2,0,0,,0.2,0,,,0,0.2,0.2,18.9,,0,0,7,0.9,24,,0.019,18.81,1.7,0.17,0,14,0.122,,0,,32,110,0,5,14,,0.08,0,0,0,0,0,0,,,,0,0,0,0,0,0,0,,0,0,0,0,0,0,0,0,0,0,0,0,,0,,0,,0,,0,,,,,,,,,,,,,,,,,,,,0,,,,,,,,,,,,,,,,,,0,,,,,,,,,,,,0,,,,,,,,0,,,,,,0,,0,,,,,,,,,,,,,,,,,,,,0,,,,,,0,,,,0,,,,0,,0,,,,0,0,0,,0,,,,,,,,,,,,,,,,,,,,,,,,,,,,,,,,,,
F009573,29201,"Wine, red, cooked",122,122,94.2,0.3,0.04,0,0.3,0,3.9,0.1,0.1,0,0,0,,,0.2,0,0,0,,,,,,,,,,,,0.2,0.2,,,,,,,,,,,,,,,8,,,,,,1.5,0,,16,,,,,35,114,0,5,,,0.09,0,,0,,0,0,,,,0,0,0,0,0,,0,,0,0,0,0,0,0,0,0,0,0,0,0,,,,,,,,0,,,,,,,,,,,,,,,,,,,,,,,,,,,,,,,,,,,,,0,0,,,,,,,,,,,,,,,,,,,0,0,,,,,0,0,0,0,,,,,,,,,,,,,,,,,,,0,0,,,,,0,0,,,0,0,,,0,0,0,0,,,0,0,0,0,6,0,,,,,,,,,,,,,,,,,,,,,,,,,,,,,,,,,,
F009578,29201,"Wine, red, sparkling",338,338,85.5,0.2,0.03,0,0.3,0,10.3,,,,,,,,2,0,2,0,,,,,,,,,,,,2,2,0,0,,0.1,0,,,0,0.2,0.3,15.9,,0,0,6,1,24,,0.016,19,2.2,0.18,0,15,0.126,,0,,33,117,0,7,14,,0.1,0,0,0,0,0,0,,,,0,0,0,0,0,0,0,,0,0,0,0,0,0,0,0,0,0,0,0,,0,,0,,0,,0,,,,,,,,,,,,,,,,,,,0,0,,,,,,,,,,,,,,,,,0,0,,,,,,,,,,,0,0,,,,,,,0,0,,,,,0,0,0,0,,,,,,,,,,,,,,,,,,,0,0,,,,,0,0,,,0,0,,,0,0,0,0,,,0,0,0,0,6,0,,,,,,,,,,,,,,,,,,,,,,,,,,,,,,,,,,
F009579,29201,"Wine, rose",289,289,88.2,0.2,0.03,0,0.2,0,9.4,0.5,0.2,0,0,0,,,0.7,0,0.7,0,,,,,,,,,,,,0.7,0.7,0,0,,0,0.2,,,0,0.1,0.3,38.2,,0,0,8,0.2,21,,0.021,20,2,0.08,0,11,0.114,,0,,27,51,0,5,20,,0.06,0,0,0,0,0,0,,,,0,0,0,0,0,0,0,,0,0,0,0,0,0,0,0,0,0,0,0,,0,,0,,0,,0,,,,,,,,,,,,,,,,,,,0,0,,,,,,,,,,,,,,,,,0,0,,,,,,,,,,,0,0,,,,,,,0,0,,,,,0,0,0,0,,,,,,,,,,,,,,,,,,,0,0,,,,,0,0,,,0,0,,,0,0,0,0,,,0,0,0,0,8,0,,,,,,,,,,,,,,,,,,,,,,,,,,,,,,,,,,
F009583,29202,"Wine, white, sauvignon blanc",293,293,87.4,0.2,0.03,0,0.2,0,9.8,0,0.1,0,0,0,,,0.1,0,0.1,0,,,,,,,,,,,,0.1,0.1,0,0.1,,0,0.3,,,0,0.1,0.2,64.6,,0,0,8,0,19,,0.014,19.8,0,0.09,0.8,8,0.063,,0,,18,56,0,2,16,,0.06,0,0,0,0,0,0,,,,0,0,0,0.01,0.01,0,0,,0,0,0,0,0,0,0,0,0,0,0,0,,0,,0,,0,,0,,,,,,,,,,,,,,,,,,,0,0,,,,,,,,,,,,,,,,,0,0,,,,,,,,,,,0,0,,,,,,,0,0,,,,,0,0,0,0,,,,,,,,,,,,,,,,,,,0,0,,,,,0,0,,,0,0,,,0,0,0,0,,,0,0,0,0,16,1,,,,,,,,,,,,,,,,,,,,,,,,,,,,,,,,,,
F009584,29202,"Wine, white, semillon",267,267,88.3,0.2,0.03,0,0.2,0,8.9,0.1,0.1,0,0,0,,,0.2,0,0.2,0,,,,,,,,,,,,0.2,0.2,0,0,,0,0.2,,,0,0.1,0.3,43.2,,0.2,0,9,1.3,19,,0.02,19.8,0,0.21,0.9,7,0.084,,0.2,,25,57,0,6,16,,0.07,0,0,0,0,0,0,,,,0,0,0,0.01,0.01,0,0,,0,0,0,0,0,6,0,0,0,0,0,0,,0,,0,,0,,0,,,,,,,,,,,,,,,,,,,0,0,,,,,,,,,,,,,,,,,0,0,,,,,,,,,,,0,0,,,,,,,0,0,,,,,0,0,0,0,,,,,,,,,,,,,,,,,,,0,0,,,,,0,0,,,0,0,,,0,0,0,0,,,0,0,0,0,16,1,,,,,,,,,,,,,,,,,,,,,,,,,,,,,,,,,,
F009582,29202,"Wine, white, chardonnay",307,307,86.8,0.3,0.05,0,0.1,0,10.2,0.1,0.1,0,0,0,,,0.3,0,0.3,0,,,,,,,,,,,,0.3,0.3,0,0,,0.1,0.2,,,0,0.1,0.2,55.1,,0,0,7,0.4,19,,0.015,19.8,0,0.17,0.7,11,0.105,,0,,25,52,0,4,16,,0.09,0,0,0,0,0,0,,,,0,0,0,0.01,0.01,0,0,,0,0,0,0,0,0,0,0,0,0,0,0,,0,,0,,0,,0,,,,,,,,,,,,,,,,,,,0,0,,,,,,,,,,,,,,,,,0,0,,,,,,,,,,,0,0,,,,,,,0,0,,,,,0,0,0,0,,,,,,,,,,,,,,,,,,,0,0,,,,,0,0,,,0,0,,,0,0,0,0,,,0,0,0,0,16,1,,,,,,,,,,,,,,,,,,,,,,,,,,,,,,,,,,
F009586,29202,"Wine, white, riesling",292,292,88.5,0.2,0.03,0,0.1,0,9.6,0.3,0.1,0,0,0,,,0.4,0,0.4,0,,,,,,,,,,,,0.4,0.4,0,0,,0,0.2,,,0,0.1,0.3,41.5,,0,0.3,10,0.8,,,0.029,18,1.5,0.1,0.7,20,0.074,,0,,23,44,0,7,16,,0.08,0,0,0,0,0,0,,,,0,0,0,0.01,0.01,0,0,,0,0,0,0,0,0,0,0,0,0,0,0,,0,,0,,0,,0,,,,,,,,,,,,,,,,,,,0,0,,,,,,,,,,,,,,,,,0,0,,,,,,,,,,,0,0,,,,,,,0,0,,,,,0,0,0,0,,,,,,,,,,,,,,,,,,,0,0,,,,,0,0,,,0,0,,,0,0,0,0,,,0,0,0,0,16,1,,,,,,,,,,,,,,,,,,,,,,,,,,,,,,,,,,
F009581,29202,"Wine, white",301,301,88.1,0.3,0.04,0,0.1,0,10,0.1,0.1,0,0,0,,,0.2,0,0.2,0,,,,,,,,,,,,0.2,0.2,0,0,,0.1,0.2,,,0,0.1,0.2,55,,0,0,8,0.5,,,0.016,19.9,0.1,0.16,0.7,10,0.093,,0,,23,53,0,4,16,,0.08,0,0,0,0,0,0,,,,0,0,0,0.01,0.01,0,0,,0,0,0,0,0,1,0,0,0,0,0,0,,0,,0,,0,,0,,,,,,,,,,,,,,,,,,,,0,,,,,,,,,,,,,,,,,,0,,,,,,,,,,,,0,,,,,,,,0,,,,,,0,,0,,,,,,,,,,,,,,,,,,,,0,,,,,,0,,,,0,,,,0,,0,,,,0,0,0,,1,,,,,,,,,,,,,,,,,,,,,,,,,,,,,,,,,,
F009580,29202,"Wine, white, cooked",107,107,94.6,0.2,0.04,0,0.2,0,3.4,0.2,0.1,0,0,0,,,0.3,0,1.2,0,,,,,,,,,,,,0.3,0.3,,,,,,,,,,,,,,,9,,,,,,0.4,0.15,,12,,,,,25,56,0,5,,,0.08,0,,0,,0,0,,,,0,0,0.01,0.01,0.02,,0.06,,0,0,0,0,0,2,0,0,0,0,0,0,,,,,,,,0,,,,,,,,,,,,,,,,,,,,,,,,,,,,,,,,,,,,,0,0,,,,,,,,,,,,,,,,,,,0,0,,,,,0,0,0,0,,,,,,,,,,,,,,,,,,,0,0,,,,,0,0,,,0,0,,,0,0,0,0,,,0,0,0,0,16,1,,,,,,,,,,,,,,,,,,,,,,,,,,,,,,,,,,
F009590,29202,"Wine, white, sparkling",306,306,88.3,0.2,0.03,0,0.1,0,9.8,0.5,0.5,0,0,0,,,1,0,1,0,,,,,,,,,,,,1,1,0,0,,0.3,0,,,0,0,0.3,43.2,,0.1,0,7,0.6,14,,0.015,18,0,0.2,0.1,9,0.093,,0,,20,35,0,2,13,,0.06,0,0,0,0,0,0,,,,0,0,0,0.01,0.01,0,0,,0,0,0,0,0,0,0,0,0,0,0,0,,0,,0,,0,,0,,,,,,,,,,,,,,,,,,,0,0,,,,,,,,,,,,,,,,,0,0,,,,,,,,,,,0,0,,,,,,,0,0,,,,,0,0,0,0,,,,,,,,,,,,,,,,,,,0,0,,,,,0,0,,,0,0,,,0,0,0,0,,,0,0,0,0,16,1,,,,,,,,,,,,,,,,,,,,,,,,,,,,,,,,,,
F009592,29202,"Wine, white, sweet dessert style",517,517,74,0.4,0.07,0,0.4,0,8.8,9.5,5.8,0,0,0,,,15.3,0,15.3,0,,,,,,,,,,,,15.3,15.3,0.1,0,,0,0.8,,,,0,0.3,150.4,,1.5,0,15,2.1,,,0.009,,1.9,0.2,2,19,0.191,,1.4,,50,105,0,13,,,0.1,0,0,0,0,0,0,,,,0,0,0,0.02,0.02,0,0,,0,0,0,0,0,0,0,0,0,0,0,0,,0,,0,,0,,0,,,,,,,,,,,,,,,,,,,0,0,,,,,,,,,,,,,,,,,0,0,,,,,,,,,,,0,0,,,,,,,0,0,,,,,0,0,0,0,,,,,,,,,,,,,,,,,,,0,0,,,,,0,0,,,0,0,,,0,0,0,0,,,0,0,0,0,17,1,,,,,,,,,,,,,,,,,,,,,,,,,,,,,,,,,,
F009566,29203,"Wine, fortified, port",624,624,73.7,0.2,0.03,0,0.3,0,14.2,7.6,5.3,0,0,0,,,12.9,0,12.9,0,,,,,,,,,,,,12.9,12.9,0.1,0,,0,0.2,,,0,,0.1,,,,,5,,23,,0.01,28.08,0,0.2,,10,0.083,,,,19,85,0,16,32,,0.06,0,,0,,0,0,,,,0,0,0,0,0,,0.09,,0,0,0,0,0,0,0,0,0,0,0,0,,,,,,,,0,,,,,,,,,,,,,,,,,,,0,0,,,,,,,,,,,,,,,,,0,0,,,,,,,,,,,0,0,,,,,,,0,0,,,,,0,0,0,0,,,,,,,,,,,,,,,,,,,0,0,,,,,0,0,,,0,0,,,0,0,0,0,,,0,0,0,0,0,0,,,,,,,,,,,,,,,,,,,,,,,,,,,,,,,,,,
F009567,29203,"Wine, fortified, sherry, dry style (approximately 1% sugars)",431,431,82.1,0.1,0.02,0,0.2,0,14.1,0.6,0.6,0,0,0,,,1.2,0,1.2,0,,,,,,,,,,,,1.2,1.2,,0,,0,0.1,,,0,,0.1,,,,,5,,15,,0,13.86,0,0.06,,6,0.069,,,,12,39,0,19,15,,0.06,0,,0,,0,0,,,,0,0,0,0,0,,0.05,,0,0,0,0,0,0,0,0,0,0,0,0,,,,,,,,0,,,,,,,,,,,,,,,,,,,0,0,,,,,,,,,,,,,,,,,0,0,,,,,,,,,,,0,0,,,,,,,0,0,,,,,0,0,0,0,,,,,,,,,,,,,,,,,,,0,0,,,,,0,0,,,0,0,,,0,0,0,0,,,0,0,0,0,0,0,,,,,,,,,,,,,,,,,,,,,,,,,,,,,,,,,,
F009568,29203,"Wine, fortified, sherry, sweet style (approximately 11% sugars)",594,594,75.2,0.2,0.03,0,0.2,0,14,6.5,4.9,0,0,0,,,11.4,0,11.4,0,,,,,,,,,,,,11.4,11.4,,0,,0,0.2,,,0,,0.1,,,,,4,,15,,0.01,15.45,0,0.1,,6,0.062,,,,13,55,0,19,16,,0.06,0,,0,,0,0,,,,0,0,0,0,0,,0.06,,0,0,0,0,0,0,0,0,0,0,0,0,,,,,,,,0,,,,,,,,,,,,,,,,,,,0,0,,,,,,,,,,,,,,,,,0,0,,,,,,,,,,,0,0,,,,,,,0,0,,,,,0,0,0,0,,,,,,,,,,,,,,,,,,,0,0,,,,,0,0,,,0,0,,,0,0,0,0,,,0,0,0,0,0,0,,,,,,,,,,,,,,,,,,,,,,,,,,,,,,,,,,
F001068,11801,"Beverage, chocolate flavour, from Milo powder, with regular fat cows milk",417,410,82.7,4.3,0.68,4.2,1.1,0.8,0,0,0.3,1.7,1.1,6.7,0,,9.9,1.5,3.7,1.3,,,,,,,,,,,,11.2,11.2,,,,,,,,,,,113.1,,0.5,0.7,165,6.4,,,0.046,,22.5,2.67,0,20,0.081,0,5.1,,121,206,1.7,40,,,0.49,96,0,21,,21,100,,,,0.193,0.35,0.18,0.92,1.1,0.49,0.07,,0.5,18,0,18,18,6,0.3,0,0,0,0.26,0.1,,0,,0,,0,,0.1,,0.07,,0.06,,0.04,,0.09,,,,0.11,,,,0.45,,0.05,,1.25,,0.03,,0.51,,,,0,,,,0,,,,0,,2.66,,,,,,,,,,,,,,,,,,,,1.07,,,,,,0.08,,0.03,,,,0,,,,,,0,,0,,0,,,,1.52,,0,,0,,0,,2.28,,,,0,,,,0.11,,2.277,,,,150.91,1,11,,54,,,,,,,,,,,,,,,,,,,,,,,,,,,,,,,,,,
F001064,11803,"Beverage, chocolate flavour, from drinking chocolate, with regular fat cows milk",377,376,84.6,3.6,0.57,3.6,0.8,0.1,0,0,0,5.3,0,5.7,,,11,5.3,5.3,0.1,,,,,,,,,,,,11.1,11.1,,,,,,,,,,,,,,,103,,102,,0.076,,20.6,0.16,,20,0.138,,,,98,182,1.3,45,31,,0.51,47,0,17,0,17,49,,,,0.007,0.197,0.22,0.76,0.98,0.37,0.06,4.4,0.5,12,0,12,12,0,0,0,0,0,0.04,0.2,,,,,,,,0.22,,0.05,,0.05,,0.03,,0.07,,,,0.09,,,,0.37,,0.04,,1.09,,0.02,,0.49,,,,0.01,,,,0,,,,0,,2.31,,,,,,,,,,,,,,,,,,,,0.95,,,,,,0.07,,0.02,,,,,,,,,,,,0,,,,,,1.55,,0,,,,,,2.33,,,,0,,,,0.09,,2.328,,,,124.59,3,10,,44,,,,,,,,,,,,,,,,,,,,,,,,,,,,,,,,,,
F003017,11201,"Coffee, black, from instant coffee powder",5,4,99.2,0.2,0.03,0,0.1,0.2,0,0,0,0,0,0,0,,0,0,0,0,,,,,,,,,,,,0,0,0,0,,0,0,,,,,,10.6,,0.2,0,3,0.1,12,,0.035,80.69,0.8,0.03,0.6,4,0.324,0,0,,3,31,0,3,5,,0.01,0,,0,,0,0,,,,0,0.001,0.22,0.03,0.25,,0,,0,0,0,0,0,0,0,0,0,0,0,0,,,,,,,,0,,,,,,,,,,,,,,,,,,,,0,,,,,,,,,,,,,,,,,,0,,,,,,,,,,,,0,,,,,,,,0,,,,,,0,,0,,,,,,,,,,,,,,,,,,,,0,,,,,,0,,,,0,,,,0,,0,,,,0.03,31,0,,2,,,,,,,,,,,,,,,,,,,,,,,,,,,,,,,,,,
F003018,11203,"Coffee, black, from instant coffee powder, decaffeinated",5,3,99.2,0.2,0.03,0,0.1,0.2,0,0,0,0,0,0,,,0,0,0,0,,,,,,,,,,,,0,0,,,,,,,,,,,10.6,,0.2,0,3,0.1,12,,0.035,80.69,0.8,0.03,0.6,4,0.324,0,0,,3,31,0,3,5,,0.01,0,,0,,0,0,,,,0,0.001,0.22,0.03,0.25,,0,,0,0,0,0,0,0,0,0,0,0,0,0,,,,,,,,0,,,,,,,,,,,,,,,,,,,,0,,,,,,,,,,,,,,,,,,0,,,,,,,,,,,,0,,,,,,,,0,,,,,,0,,0,,,,,,,,,,,,,,,,,,,,0,,,,,,0,,,,0,,,,0,,0,,,,0.03,1,0,,2,,,,,,,,,,,,,,,,,,,,,,,,,,,,,,,,,,
F003041,11201,"Coffee, espresso, from ground coffee beans",40,40,92.3,1.7,0.32,0.3,1,0,0,,,,,,,,0,0,0,0,,,,,,,,,,,,0,0,,,,,,,,,,,0,,0,0,11,0,,,0.042,,0,0,1.3,37,0.25,,0,,29,520,0,2,,,0.06,0,,0,,0,0,,,,0,0,5.3,0,5.3,0,0,,0,0,0,0,0,0,0,0,0,0,0,0,,0,,0,,0,,0,3,0.01,1,0,0.5,0,1.3,0,,,0.5,0,,,1.4,0,0.2,0,29,0.07,0.2,0,7.2,0.02,,,2.7,0.01,,,0.6,0,,,0.3,0,47.9,0.11,,,0,0,,,0.4,0,0,0,11,0.03,0.5,0,0,0,0,0,11.9,0.03,,,,,35.9,0.09,2.7,0.01,,,0,0,,,,,0,0,0,0,0,0,,,0,0,0,0,0,0,0,0,0,0,,,0,0,,,38.6,0.09,0,0,,,1.6,3.84,290,0,0,0,,,,,,,,,,,,,,,,,,,,,,,,,,,,,,,,,,
F003036,11202,"Coffee, cappuccino, from ground coffee beans, with regular fat cows milk",229,229,88.6,3,0.48,2.7,0.8,0,0,,,,,,,,4.8,0.4,0.4,0,,,,,,,,,,,,4.9,4.9,,,,,,,,,,,,,,,81,,,,0.02,,15.9,0.03,,17,0.072,,,,74,234,0.9,28,,,0.28,37,,13,,13,39,,,,0.004,0.151,1.43,0.53,1.96,0.28,0.05,,0.4,9,0,9,9,0,0,0,0,0,0.03,0.1,,,,,,,,0.06,,0.04,,0.04,,0.02,,0.06,,,,0.07,,,,0.29,,0.03,,0.81,,0.02,,0.3,,,,0,,,,0,,,,0,,1.69,,,,,,,,,,,,,,,,,,,,0.68,,,,,,0.07,,0.02,,,,,,,,,,,,0,,,,,,1.22,,0,,,,,,1.83,,,,0,,,,0.09,,1.826,,,,87.26,70,8,,31,,,,,,,,,,,,,,,,,,,,,,,,,,,,,,,,,,
F003048,11202,"Coffee, flat white or latte, from ground coffee beans, with regular fat cows milk",234,234,88.8,3,0.49,2.8,0.8,0,0,,,,,,,,4.8,0,0,0,,,,,,,,,,,,4.8,4.8,,,,,,,,,,,0.8,,0,0,86,0.6,,,0.013,,17,0.02,0.3,15,0.051,,2.4,,77,214,1,29,,,0.29,39,,14,,14,41,,,,0.004,0.162,1.19,0.56,1.75,0.3,0.05,,0.4,10,0,10,10,0,0,0,0,0,0.04,0.1,,0,,0,,0,,0.06,,0.05,,0.04,,0.03,,0.06,,,,0.08,,,,0.31,,0.03,,0.86,,0.02,,0.31,,,,0,,,,0,,,,0,,1.79,,,,0.02,,,,0.04,,0,,0.64,,0,,0,,0,,0.72,,,,,,0.07,,0.02,,,,0,,,,,,0,,0,,0,,,,1.3,,0,,0,,0,,1.95,,,,0,,,,0.09,,1.953,,,,91.91,57,8,,33,,,,,,,,,,,,,,,,,,,,,,,,,,,,,,,,,,
F003065,11201,"Coffee, long black, from ground coffee beans",8,8,98.5,0.3,0.06,0.1,0.2,0,0,,,,,,,,0,0,0,0,,,,,,,,,,,,0,0,,,,,,,,,,,7.3,,0.1,0,3,0,,,0.036,,0.6,0,0.8,8,0.296,,0,,6,104,0,3,,,0.02,0,,0,,0,0,,,,0,0,1.06,0,1.06,,0,,0,0,0,0,0,0,0,0,0,0,0,0,,0,,0,,0,,0,,,,,,,,,,,,,,,,,,,,0.01,,,,,,,,,,,,,,,,,,0.02,,,,,,,,,,,,0,,,,,,,,0.01,,,,,,0.02,,0,,,,,,,,,,,,,,,,,,,,0,,,,,,0,,,,0,,,,0.02,,0,,,,0.77,58,0,,0,,,,,,,,,,,,,,,,,,,,,,,,,,,,,,,,,,
F003130,11403,"Cordial base, 25% citrus fruit juice, regular",739,739,73.9,0,0,0,0.1,0,0,14.3,16,15.2,0,0,,,45.5,43.9,45.5,0,,,,,,,,,,,,45.5,45.5,,1.1,,0,0,,,0,,,,,,,4,,9,,0,69.54,1.2,0,,1,0,,,,4,18,0,15,4,,0,0,,3,15,10,2,,,,0,0,2.07,0,2.07,,0.02,,0,12,0,12,12,5,0,0,0,0,0,0,,0,,,,,,0,,,,,,,,,,,,,,,,,,,,,,,,,,,,,,,,,,,,,0,0,,,,,,,,,,,,,,,,,,,0,0,,,,,0,0,0,0,,,,,,,,,,,,,,,,,,,0,0,,,,,0,0,,,0,0,,,0,0,0,0,,,0,0,0,0,0,0,,,,,,,,,,,,,,,,,,,,,,,,,,,,,,,,,,
F003158,11401,"Cordial, 25% citrus fruit juice, regular, recommended dilution",149,149,95.3,0,0,0,0,0,0,2.9,3.2,3.1,0,0,,,9.2,8.8,9.2,0,,,,,,,,,,,,9.2,9.2,,0.2,,0,0,,,0,,,,,,,2,,6,,0.028,78.56,0.8,0,,1,0.247,,,,1,4,0,5,4,,0,0,,1,,2,0,,,,0,0,0.42,0,0.42,,0,,0,2,0,2,2,1,0,0,0,0,0,0,,0,,,,,,0,,,,,,,,,,,,,,,,,,,,,,,,,,,,,,,,,,,,,,0,,,,,,,,,,,,,,,,,,,,0,,,,,,0,,0,,,,,,,,,,,,,,,,,,,,0,,,,,,0,,,,0,,,,0,,0,,,,0,0,0,,0,,,,,,,,,,,,,,,,,,,,,,,,,,,,,,,,,,
F003135,11403,"Cordial base, 40% citrus fruit juice, regular",804,804,70.6,0.3,0.04,0,0.2,0,0,16,19.4,13.7,0,0,,,49,46.6,49,0,,,,,,,,,,,,49,49,,1.5,,0,0,,,0,,,,,,,5,,12,,0,54.9,1.2,0.12,,2,0,,,,6,39,0,52,8,,0,0,0,5,23,16,3,,,,0,0,2.07,0,2.07,0.05,0.02,0.5,0,12,0,12,12,10,0,0,0,0,0,0,,0,,,,,,0,,,,,,,,,,,,,,,,,,,,,,,,,,,,,,,,,,,,,0,0,,,,,,,,,,,,,,,,,,,0,0,,,,,0,0,0,0,,,,,,,,,,,,,,,,,,,0,0,,,,,0,0,,,0,0,,,0,0,0,0,,,0,0,0,0,0,0,,,,,,,,,,,,,,,,,,,,,,,,,,,,,,,,,,
F003160,11401,"Cordial, 40% citrus fruit juice, regular, recommended dilution",162,162,94.7,0,0.01,0,0,0,0,3.2,3.9,2.7,0,0,,,9.9,9.4,9.9,0,,,,,,,,,,,,9.9,9.9,,0.3,,0,0,,,0,,,,,,,2,,7,,0.028,75.61,0.8,0.03,,1,0.247,,,,1,8,0,13,4,,0,0,,1,,3,1,,,,0,0,0.42,0,0.42,,0,,0,2,0,2,2,2,0,0,0,0,0,0,,0,,,,,,0,,,,,,,,,,,,,,,,,,,,,,,,,,,,,,,,,,,,,,0,,,,,,,,,,,,,,,,,,,,0,,,,,,0,,0,,,,,,,,,,,,,,,,,,,,0,,,,,,0,,,,0,,,,0,,0,,,,0,0,0,,0,,,,,,,,,,,,,,,,,,,,,,,,,,,,,,,,,,
F003128,11403,"Cordial base, 5% blackcurrant juice, regular",1126,1126,51.2,0.1,0.02,0,0.1,0,0,,,,,,,,69.5,66.2,69.5,0,,,,,,,,,,,,69.5,69.5,,1,,0,0.1,,,0,,,,,,,7,,7,,0.012,47.58,1.2,0.4,,4,0.012,,,,6,66,0,0,12,,0.07,0,0,0,0,0,0,,,,0,0,0.2,0,0.2,0.07,0.05,1.7,0,1,0,1,1,49,0,0,0,0,0,0,,0,,0,,0,,0,,,,,,,,,,,,,,,,,,,,,,,,,,,,,,,,,,,,,0,0,,,,,,,,,,,,,,,,,,,0,0,,,,,0,0,0,0,,,,,,,,,,,,,,,,,,,0,0,,,,,0,0,,,0,0,,,0,0,0,0,,,0,0,0,0,0,0,,,,,,,,,,,,,,,,,,,,,,,,,,,,,,,,,,
F003156,11401,"Cordial, 25% blackcurrant juice, regular, recommended dilution",200,200,92.4,0,0,0,0,0,0,,,,,,,,12.4,11.8,12.4,0,,,,,,,,,,,,12.4,12.4,,0.2,,0,0,,,0,,,,,,,3,,6,,0.032,75.3,0.8,0.08,,2,0.258,,,,1,12,0,2,5,,0.02,0,,0,,0,0,,,,0,0,0.04,0,0.04,,0.01,,0,0,0,0,0,9,0,0,0,0,0,0,,0,,0,,0,,0,,,,,,,,,,,,,,,,,,,,,,,,,,,,,,,,,,,,,,0,,,,,,,,,,,,,,,,,,,,0,,,,,,0,,0,,,,,,,,,,,,,,,,,,,,0,,,,,,0,,,,0,,,,0,,0,,,,0,0,0,,0,,,,,,,,,,,,,,,,,,,,,,,,,,,,,,,,,,
F004099,11307,"Fruit drink, apple juice",168,168,93.3,0,0,0,0.1,0,0,4.4,3.7,2.1,0,0,,,10.2,8.5,10.2,0,,,,,,,,,,,,10.2,10.2,,0.3,,0,0.1,,,0,,,,,,,3,,11,,0,72.8,1,0,,2,0,,,,1,23,0,7,2,,0,0,0,0,46,23,4,,,,0,0,0.19,0,0.19,,0,,0,8,0,8,8,1,0,0,0,0,0,0,,,,,,,,0,,,,,,,,,,,,,,,,,,,0,0,,,,,,,,,,,,,,,,,0,0,,,,,,,,,,,0,0,,,,,,,0,0,,,,,0,0,0,0,,,,,,,,,,,,,,,,,,,0,0,,,,,0,0,,,0,0,,,0,0,0,0,,,0,0,0,0,0,0,,,,,,,,,,,,,,,,,,,,,,,,,,,,,,,,,,
F004102,11307,"Fruit drink, cranberry",189,188,90.6,0,0,0,0.1,0.1,0,,,,,,,,11.8,8.7,11.8,0,,,,,,,,,,,,11.8,11.8,,,,,,,,,,,,,,,8,,,,,,4.2,0.26,,6,,,,,14,21,0.1,17,,,0.1,0,0,28,,28,5,,,,0.009,0.019,0.1,0,0.1,,0.05,,0,1,0,1,1,17,0,0,0,0,0,1.2,,,,,,,,1.25,,,,,,,,,,,,,,,,,,,,,,,,,,,,,,,,,,,,,0,0,,,,,,,,,,,,,,,,,,,0,0,,,,,0,0,0,0,,,,,,,,,,,,,,,,,,,0,0,,,,,0,0,,,0,0,,,0,0,0,0,,,0,0,0,0,0,0,,,,,,,,,,,,,,,,,,,,,,,,,,,,,,,,,,
F004114,11307,"Fruit drink, orange juice",184,183,93,0.2,0.03,0,0.2,0.1,0,1.1,1,8.7,0,0,0,,10.8,9.4,10.8,0,,,,,,,,,,,,10.8,10.8,0,0.6,,0,0.1,,0,0,,,,,,,8,0.5,11,,0.027,46.8,4.2,0.05,,6,0.001,,0,,7,75,0.5,9,2,,0.01,0,0,36,23,48,8,,,,0,0.021,0,0.01,0.01,0.05,0.02,0.2,0,8,0,8,8,5,0,0,0,0,0,0,,0,,,,,,0,,,,,,,,,,,,,,,,,,,0,0,,,,,,,,,,,,,,,,,0,0,,,,,,,,,,,0,0,,,,,,,0,0,,,,,0,0,0,0,,,,,,,,,,,,,,,,,,,0,0,,,,,0,0,,,0,0,,,0,0,0,0,,,0,0,0,0,16,1,,,,,,,,,,,,,,,,,,,,,,,,,,,,,,,,,,
F004663,11301,"Juice, apple, commercial, added vitamin C",127,126,93.4,0.2,0.03,0,0.3,0.2,0,4.1,2.2,1,0,0,0,,7.4,0,7.4,0,,,,,,,,,,,,7.4,7.4,0,0.1,,0,0.3,,0,0,,,,,,,7,0.5,,,0.017,,4.2,0.05,,6,0.001,,0.5,,8,126,0.5,6,,,0.02,0,0,3,0,3,0,,,,0,0.074,0.26,0,0.26,0,0,,0,33,0,33,33,35,0,0,0,0,0,0,,0,,,,,,0,,,,,,,,,,,,,,,,,,,0,0,,,,,,,,,,,,,,,,,0,0,,,,,,,,,,,0,0,,,,,,,0,0,,,,,0,0,0,0,,,,,,,,,,,,,,,,,,,0,0,,,,,0,0,,,0,0,,,0,0,0,0,,,0,0,0,0,0,0,,,,,,,,,,,,,,,,,,,,,,,,,,,,,,,,,,
F004656,11301,"Juice, apple & blackcurrant, commercial",171,171,93.7,0.2,0.03,0,0.2,0,0,5.8,2.7,1.2,0,0,,,9.7,0,9.8,0,,,,,,,,,,,,9.7,9.7,,0.8,,,0.4,,,0,,,0,,,0,5,0,,,0.005,,0,0,,4,0.028,,0,,5,99,0,7,3,,0.01,0,0,0,0,0,0,,,,0,0,0,0,0,0,0,,0,0,0,0,0,28,0,0,0,0,0,0,,0,,0,,0,,0,,,,,,,,,,,,,,,,,,,,,,,,,,,,,,,,,,,,,0,0,,,,,,,,,,,,,,,,,,,0,0,,,,,0,0,0,0,,,,,,,,,,,,,,,,,,,0,0,,,,,0,0,,,0,0,,,0,0,0,0,,,0,0,0,0,0,0,,,,,,,,,,,,,,,,,,,,,,,,,,,,,,,,,,
F004726,11301,"Juice, lemon",120,99,93.4,0.6,0.1,0.2,0.2,2.6,0,0.6,0.8,0.4,0,0,,,1.9,0,0,0,,,,,,,,,,,,1.9,1.9,,4.7,,0,0.3,0,,0,,,,,,,21,,,,,,0,0.32,,9,,,,,17,126,0.4,2,,,0.1,0,0,10,,10,2,,,0,0.04,0.02,0.2,0.05,0.25,,0.08,,0,8,0,8,8,48,0,0,0,0,0,0.2,,,,,,,,0.15,,,,,,,,,,,,,,,,,,,,0,,,,,,,,,,,,,,,,,,0,,,,,,,,,,,,0,,,,,,,,0,,,,,,0,,0,,,,,,,,,,,,,,,,,,,,0,,,,,,0,,,,0,,,,0,,0,,,,0,0,0,,3,,,,,,,,,,,,,,,,,,,,,,,,,,,,,,,,,,
F004729,11301,"Juice, lime",128,93,92,0.8,0.13,0.2,0.3,4.3,0,0.5,0.5,0.2,0,0,,,1.3,0,0,0,,,,,,,,,,,,1.3,1.3,,4.5,,0,0.6,0,,0,,,,,,,23,,,,,,0,0.32,,12,,,,,19,158,0.4,3,,,0.1,0,1,30,,30,5,,,0,0.03,0.02,0.2,0.06,0.26,,0.04,,0,6,0,6,6,47,0,0,0,0,0,0.2,,,,,,,,0.22,,,,,,,,,,,,,,,,,,,,0,,,,,,,,,,,,,,,,,,0,,,,,,,,,,,,0,,,,,,,,0,,,,,,0,,0,,,,,,,,,,,,,,,,,,,,0,,,,,,0,,,,0,,,,0,,0,,,,0,0,0,,4,,,,,,,,,,,,,,,,,,,,,,,,,,,,,,,,,,
F004739,11301,"Juice, orange, commercial",117,115,93.6,0.8,0.13,0,0.5,0.3,0,1.6,1.4,2.7,0,0,0,,5.7,0,5.7,0,,,,,,,,,,,,5.7,5.7,0,0.8,,0,0.1,,0,0,,,,0,0,0,7,0.4,9,,0.028,29.4,0,0.04,0,8,0.012,0,0,1,14,152,0.2,3,7,0,0.03,0,0,10,9,15,3,,,,0.116,0,0,0.04,0.04,0.32,0,1,0,53,0,53,53,72,0,0,0,0,0,0.1,,0,,,,,,0.1,0,0,0,0,0,0,0,0,,,0,0,,,0,0,0,0,0,0,0,0,0,0,,,0,0,,,0,0,,,0,0,0,0,,,0,0,,,0,0,0,0,0,0,0,0,0,0,0,0,0,0,,,,,0,0,0,0,,,0,0,,,,,0,0,0,0,0,0,,,0,0,0,0,0,0,0,0,0,0,,,0,0,,,0,0,0,0,,,0,0,0,0,16,2,,,,,,,,,,,,,,,,,,,,,,,,,,,,,,,,,,
F004731,11301,"Juice, orange & mango, commercial",152,150,93.9,0.6,0.1,0,0.3,0.2,0,2.5,2.3,3.2,0,0,,,8,0,8,0,,,,,,,,,,,,8,8,,0.8,,,0.4,,,0,,,0,,,0,9,0,9,,0.031,53.04,0,0,,10,0.031,,0,,17,166,0,4,6,,0.05,0,0,40,17,48,8,,,,0.042,0,0,0.03,0.03,0.05,0,1.1,0,27,0,27,27,85,0,0,0,0,0,0,,0,,0,,0,,0,,,,,,,,,,,,,,,,,,,,,,,,,,,,,,,,,,,,,0,0,,,,,,,,,,,,,,,,,,,0,0,,,,,0,0,0,0,,,,,,,,,,,,,,,,,,,0,0,,,,,0,0,,,0,0,,,0,0,0,0,,,0,0,0,0,17,2,,,,,,,,,,,,,,,,,,,,,,,,,,,,,,,,,,
F005696,11702,"Mineral water, natural, unflavoured",0,0,100,0,0,0,0.1,0,0,0,0,0,0,0,0,,0,0,0,0,,,,,,,,,,,,0,0,,0,,0,0,,,0,,,,,,,6,,11,,0,24,0.2,0,,4,0,,,,0,1,0,8,1,,0,0,,0,,0,0,,,,0,0,0,0,0,,0,,0,0,0,0,0,0,0,0,0,0,0,0,,0,,0,,0,,0,,,,,,,,,,,,,,,,,,,0,0,,,,,,,,,,,,,,,,,0,0,,,,,,,,,,,0,0,,,,,,,0,0,,,,,0,0,0,0,,,,,,,,,,,,,,,,,,,0,0,,,,,0,0,,,0,0,,,0,0,0,0,,,0,0,0,0,0,0,,,,,,,,,,,,,,,,,,,,,,,,,,,,,,,,,,
F005694,11505,"Mineral water, citrus flavoured",158,158,93.9,0,0,0,0.1,0,0,1.8,1.6,6.3,0,0,,,9.7,9.5,9.7,0,,,,,,,,,,,,9.7,9.7,,0.4,,0,0,,,0,,,,,,,5,,20,,0,31.2,0,0.06,,4,0,,,,1,5,0,16,2,,0,0,,0,,0,0,,,,0,0,0,0,0,,0,,0,1,0,1,1,0,0,0,0,0,0,0,,0,,0,,0,,0,,,,,,,,,,,,,,,,,,,0,0,,,,,,,,,,,,,,,,,0,0,,,,,,,,,,,0,0,,,,,,,0,0,,,,,0,0,0,0,,,,,,,,,,,,,,,,,,,0,0,,,,,0,0,,,0,0,,,0,0,0,0,,,0,0,0,0,0,0,,,,,,,,,,,,,,,,,,,,,,,,,,,,,,,,,,
F008402,11503,"Soft drink, cola flavour",214,214,93,0,0,0.3,0.1,0,0,3.1,3.1,6.6,0,0,,,12.8,12.8,12.8,0,,,,,,,,,,,,12.8,12.8,,0,,0,0,,,0,,,0,,0,0,1,0,14,,0,60.32,0.9,0,0,0,0,,0,0,11,0,0,2,9,,0,0,,0,,0,0,,,,0,0,0,0,0,,0,,0,0,0,0,0,0,0,0,0,0,0,0,,0,,0,,0,,0,,,,,,,,,,,,,,,,,,,0,0,,,,,,,,,,,,,,,,,0,0,,,,,,,,,,,0,0,,,,,,,0,0,,,,,0,0,0,0,,,,,,,,,,,,,,,,,,,0,0,,,,,0,0,,,0,0,,,0,0,0,0,,,0,0,10,0,0,0,,,,,,,,,,,,,,,,,,,,,,,,,,,,,,,,,,
F008403,11503,"Soft drink, cola flavour, decaffeinated",214,214,93,0,0,0.3,0.1,0,0,3.1,3.1,6.6,0,0,,,12.8,12.8,12.8,0,,,,,,,,,,,,12.8,12.8,,0,,0,0,,,0,,,0,,0,0,1,0,14,,0,60.32,0.9,0,0,0,0,,0,0,11,0,0,2,9,,0,0,,0,,0,0,,,,0,0,0,0,0,,0,,0,0,0,0,0,0,0,0,0,0,0,0,,0,,0,,0,,0,,,,,,,,,,,,,,,,,,,0,0,,,,,,,,,,,,,,,,,0,0,,,,,,,,,,,0,0,,,,,,,0,0,,,,,0,0,0,0,,,,,,,,,,,,,,,,,,,0,0,,,,,0,0,,,0,0,,,0,0,0,0,,,0,0,0,0,0,0,,,,,,,,,,,,,,,,,,,,,,,,,,,,,,,,,,
F008404,11504,"Soft drink, cola flavour, intense sweetened or diet",0,0,99.9,0,0,0,0.1,0,0,0,0,0,0,0,,,0,0,0,0,,,,,,,,,,,,0,0,,,,,,,,,,,0,,0,0,1,0,,,0,,0.8,0,0,0,0,,0,0,10,0,0,3,,,0,0,,0,,0,0,,,,0.01,0.02,0,0,0,,0,,0,0,0,0,0,0,0,0,0,0,0,0,,0,,0,,0,,0,,,,,,,,,,,,,,,,,,,0,0,,,,,,,,,,,,,,,,,0,0,,,,,,,,,,,0,0,,,,,,,0,0,,,,,0,0,0,0,,,,,,,,,,,,,,,,,,,0,0,,,,,0,0,,,0,0,,,0,0,0,0,,,0,0,11,0,0,0,,,,,,,,,,,,,,,,,,,,,,,,,,,,,,,,,,
F008405,11504,"Soft drink, cola flavour, intense sweetened or diet, decaffeinated",0,0,99.9,0,0,0,0.1,0,0,0,0,0,0,0,,,0,0,0,0,,,,,,,,,,,,0,0,,,,,,,,,,,0,,0,0,1,0,,,0,,0.8,0,0,0,0,,0,0,10,0,0,3,,,0,0,,0,,0,0,,,,0.01,0.02,0,0,0,,0,,0,0,0,0,0,0,0,0,0,0,0,0,,0,,0,,0,,0,,,,,,,,,,,,,,,,,,,0,0,,,,,,,,,,,,,,,,,0,0,,,,,,,,,,,0,0,,,,,,,0,0,,,,,0,0,0,0,,,,,,,,,,,,,,,,,,,0,0,,,,,0,0,,,0,0,,,0,0,0,0,,,0,0,0,0,0,0,,,,,,,,,,,,,,,,,,,,,,,,,,,,,,,,,,
F008421,11603,"Soft drink, energy drink, Red Bull",191,191,92.7,0.1,0.01,0,0.3,0,0,1.9,3.8,5.7,0,0,0,,11.3,11.3,11.3,0,,,,,,,,,,,,11.3,11.3,0,0.8,,0,0,,,0,,,21,,0,0,9,0,,,0,,0,0,0,0,0,0,0,,11,0,0,75,,,0,0,0,0,,0,0,,,,0,0.066,8.49,0,8.49,2.01,2.38,,2.1,0,0,0,0,0,0,0,0,0,0,0,,0,,0,,0,,0,,,,,,,,,,,,,,,,,,,0,0,,,,,,,,,,,,,,,,,0,0,,,,,,,,,,,0,0,,,,,,,0,0,,,,,0,0,0,0,,,,,,,,,,,,,,,,,,,0,0,,,,,0,0,,,0,0,,,0,0,0,0,,,0,0,34,0,0,0,,,,,,,,,,,,,,,,,,,,,,,,,,,,,,,,,,
F008424,11603,"Soft drink, energy drink, V",191,191,92.7,0.1,0.01,0,0.3,0,0,1.9,3.8,5.7,0,0,0,,11.3,11.3,11.3,0,,,,,,,,,,,,11.3,11.3,0,0.8,,0,0,,,0,,,21,,0,0,9,0,,,0,,0,0,0,0,0,0,0,,11,0,0,116,,,0,0,0,0,,0,0,,,,0,0.861,7.98,0,7.98,3.36,2.62,,0.6,0,0,0,0,0,0,0,0,0,0,0,,0,,0,,0,,0,,,,,,,,,,,,,,,,,,,0,0,,,,,,,,,,,,,,,,,0,0,,,,,,,,,,,0,0,,,,,,,0,0,,,,,0,0,0,0,,,,,,,,,,,,,,,,,,,0,0,,,,,0,0,,,0,0,,,0,0,0,0,,,0,0,33,0,0,0,,,,,,,,,,,,,,,,,,,,,,,,,,,,,,,,,,
F008438,11501,"Soft drink, lemonade and fruit flavours",148,148,104,0,0,0,0.1,0,0,1,1,7.1,0,0,0,,9.2,8.6,8.6,0,,,,,,,,,,,,9.2,9.2,0,0.1,,0,0,,0,0,,,,,,,2,0,,,,,1.8,0,,1,,,0,0,0,1,0,15,,,0,0,,0,0,0,0,,,,0,0,0,0,0,,0,,0,0,0,0,0,0,0,0,0,0,0,0,,,,,,,,0,,,,,,,,,,,,,,,,,,,0,0,,,,,,,,,,,,,,,,,0,0,,,,,,,,,,,0,0,,,,,,,0,0,,,,,0,0,0,0,,,,,,,,,,,,,,,,,,,0,0,,,,,0,0,,,0,0,,,0,0,0,0,,,0,0,0,0,0,0,,,,,,,,,,,,,,,,,,,,,,,,,,,,,,,,,,
F008439,11502,"Soft drink, lemonade and fruit flavours, intense sweetened or diet",1,1,100,0,0,0,0.1,0,0,,,,,,,,0,0,0,0,,,,,,,,,,,,0,0,0,0.1,,0,0,,0,0,,,,,,,2,0,,,,,1.7,0,,1,,,0,0,0,1,0,14,,,0,0,,0,0,0,0,,,,0,0,0,0,0,,0,,0,0,0,0,0,0,0,0,0,0,0,0,,,,,,,,0,,,,,,,,,,,,,,,,,,,0,0,,,,,,,,,,,,,,,,,0,0,,,,,,,,,,,0,0,,,,,,,0,0,,,,,0,0,0,0,,,,,,,,,,,,,,,,,,,0,0,,,,,0,0,,,0,0,,,0,0,0,0,,,0,0,0,0,0,0,,,,,,,,,,,,,,,,,,,,,,,,,,,,,,,,,,
F008460,11501,"Soft drink, tonic water",146,146,93.8,0,0,0,0.1,0,0,,,,,,,,9.1,9.1,9.1,0,,,,,,,,,,,,9.1,9.1,0,0.1,,0,0,,0,0,,,,,,,1,,,,,,0.7,0.01,,0,,,,,0,0,0,12,,,0.1,0,,0,,0,0,,,,0,0,0,0,0,,0,,0,0,0,0,0,0,0,0,0,0,0,0,,0,,0,,0,,0,,,,,,,,,,,,,,,,,,,0,0,,,,,,,,,,,,,,,,,0,0,,,,,,,,,,,0,0,,,,,,,0,0,,,,,0,0,0,0,,,,,,,,,,,,,,,,,,,0,0,,,,,0,0,,,0,0,,,0,0,0,0,,,0,0,0,0,0,0,,,,,,,,,,,,,,,,,,,,,,,,,,,,,,,,,,
F008461,11502,"Soft drink, tonic water, intense sweetened or diet",1,1,99.9,0,0,0,0.1,0,0,0,0,0,0,0,0,,0,0,0,0,,,,,,,,,,,,0,0,0,0.1,,0,0,,0,0,,,,,,,1,,,,,,0.7,0.01,,0,,,,,0,0,0,12,,,0.1,0,,0,,0,0,,,,0,0,0,0,0,,0,,0,0,0,0,0,0,0,0,0,0,0,0,,0,,0,,0,,0,,,,,,,,,,,,,,,,,,,0,0,,,,,,,,,,,,,,,,,0,0,,,,,,,,,,,0,0,,,,,,,0,0,,,,,0,0,0,0,,,,,,,,,,,,,,,,,,,0,0,,,,,0,0,,,0,0,,,0,0,0,0,,,0,0,0,0,0,0,,,,,,,,,,,,,,,,,,,,,,,,,,,,,,,,,,
F009117,11101,"Tea, green, plain, without milk",7,7,95.7,0.2,0.04,0.1,0,0,0,,,,,,,,0,0,0,0,,,,,,,,,,,,0,0,,,,,,,,,,,780,,0,0,3,0,,,0.017,,0,0,1.8,2,0.44,,0,,1,19,0,1,,,0.05,0,,0,,0,0,,,,0.007,0.058,0.03,0,0.03,,0,,0,0,0,0,0,0,0,0,0,0,0,0,,,,,,,,0,,,,,,,,,,,,,,,,,,,,,,,,,,,,,,,,,,,,,0,0,,,,,,,,,,,,,,,,,,,0,0,,,,,0,0,0,0,,,,,,,,,,,,,,,,,,,0,0,,,,,0,0,,,0,0,,,0,0,0,0,,,0,0,13,0,0,0,,,,,,,,,,,,,,,,,,,,,,,,,,,,,,,,,,
F009125,11101,"Tea, regular, black, brewed from leaf or teabags, without milk",2,2,99.8,0.1,0.02,0,0,0,0,,,,,,,,0,0,0,0,,,,,,,,,,,,0,0,,,,,,,,,,,,0,0,0,0,0.3,0,,0.002,150,0,0,0.3,0,0.1,0,,,0,6,0,0,0,0,0,0,,0,,0,0,,,,0,0,1.71,0,1.71,0,0,0,0,11,0,11,11,0,0,0,0,0,0,0,,,,,,,,0,,,,,,,,,,,,,,,,,,,0,0,,,,,,,,,,,,,,,,,0,0,,,,,,,,,,,0,0,,,,,,,0,0,,,,,0,0,0,0,,,,,,,,,,,,,,,,,,,0,0,,,,,0,0,,,0,0,,,0,0,0,0,,,0,0,19,0,0,0,,,,,,,,,,,,,,,,,,,,,,,,,,,,,,,,,,
F009115,11103,"Tea, decaffeinated, black, brewed from leaf or teabags, without milk",6,6,99.8,0.1,0.02,0.1,0,0,0,,,,,,,,0,0,0,0,,,,,,,,,,,,0,0,,,,,,,,,,,,0,0,0,0,0.3,0,,0.002,150,0,0,0.3,0,0.1,0,,,0,6,0,0,0,0,0,0,,0,,0,0,,,,0,0.005,0,0,0,0,0,0,0,11,0,11,11,0,0,0,0,0,0,0,,,,,,,,0,,,,,,,,,,,,,,,,,,,0,0,,,,,,,,,,,,,,,,,0,0,,,,,,,,,,,0,0,,,,,,,0,0,,,,,0,0,0,0,,,,,,,,,,,,,,,,,,,0,0,,,,,0,0,,,0,0,,,0,0,0,0,,,0,0,0,0,0,0,,,,,,,,,,,,,,,,,,,,,,,,,,,,,,,,,,
F009516,11702,"Water, bottled, still",0,0,100,0,0,0,0,0,0,0,0,0,0,0,0,,0,0,0,0,,,,,,,,,,,,0,0,,,,,,,,,,,,,,,1,,2,,,,0.2,0,,5,0,,,,0,0,0,1,,,0,0,,0,,0,0,,,,0,0,0,0,0,,0,,0,0,0,0,0,0,0,0,0,0,0,0,,,,,,,,0,,,,,,,,,,,,,,,,,,,0,0,,,,,,,,,,,,,,,,,0,0,,,,,,,,,,,0,0,,,,,,,0,0,,,,,0,0,0,0,,,,,,,,,,,,,,,,,,,0,0,,,,,0,0,,,0,0,,,0,0,0,0,,,0,0,0,0,0,0,,,,,,,,,,,,,,,,,,,,,,,,,,,,,,,,,,
F009527,11701,"Water, tap",0,0,100,0,0,0,0,0,0,0,0,0,0,0,0,,0,0,0,0,,,,,,,,,,,,0,0,0,0,,0,0,,0,0,,,9.1,,0.2,0,2,0,6,0,0.035,80.25,0.7,0,0.6,1,0.307,0,0,0,0,0,0,3,3,,0,0,,0,,0,0,,,,0,0,0,0,0,,0,,0,0,0,0,0,0,0,0,0,0,0,0,,0,,0,,0,,0,,,,,,,,,,,,,,,,,,,0,0,,,,,,,,,,,,,,,,,0,0,,,,,,,,,,,0,0,,,,,,,0,0,,,,,0,0,0,0,,,,,,,,,,,,,,,,,,,0,0,,,,,0,0,,,0,0,,,0,0,0,0,,,0,0,0,0,0,0,,,,,,,,,,,,,,,,,,,,,,,,,,,,,,,,,,
F008377,11702,"Water, soda",0,0,100,0,0,0,0,0,0,0,0,0,0,0,0,,0,0,0,0,,,,,,,,,,,,0,0,0,0,,0,0,,0,0,,,9.1,,0.2,0,2,0,6,0,0.035,80.25,0.7,0,0.6,1,0.307,0,0,0,0,0,0,3,3,,0,0,,0,,0,0,,,,0,0,0,0,0,,0,,0,0,0,0,0,0,0,0,0,0,0,0,,0,,0,,0,,0,,,,,,,,,,,,,,,,,,,0,0,,,,,,,,,,,,,,,,,0,0,,,,,,,,,,,0,0,,,,,,,0,0,,,,,0,0,0,0,,,,,,,,,,,,,,,,,,,0,0,,,,,0,0,,,0,0,,,0,0,0,0,,,0,0,0,0,0,0,,,,,,,,,,,,,,,,,,,,,,,,,,,,,,,,,,
F001688,11805,"Breakfast cereal, beverage, non-chocolate flavours, added vitamins A, B1, B2, B3, B6, B12, C & folate & Ca",329,323,84.4,3.2,0.56,1.5,0.9,0.8,0,1.1,0,4,0,2.1,0,,7.2,2.1,2.1,0,,,,,,5.6,,,,,,12.8,12.8,0,0.2,,0,0,,,0,,,92.8,,0.6,0.5,152,3.1,,,0.04,,6.6,0.39,0.5,8,0.053,0.5,5.8,,135,157,1,50,,,0.22,62,0,0,,0,62,,,,0.107,0.264,1.26,0.6,1.86,2.88,0.14,,0.7,10,62,72,114,0,0,0,0,0,0,2.3,,0,,0,,0.3,,2.3,0,0,0,0,0,0,0,0,,,0,0,,,0.3,0,0,0,8,0.12,0,0,4.3,0.06,,,0,0,,,0.9,0.01,,,0.5,0.01,14.11,0.2,,,0,0,,,0,0,0,0,24.9,0.36,0,0,0,0,0,0,24.93,0.36,,,,,62.7,0.9,1.2,0.02,,,0,0,,,,,0,0,0,0,0,0,,,0,0,0,0,0,0,0,0,0,0,,,0,0,,,63.96,0.92,0,0,,,0.4,5.91,0,0,66,35,,,,,,,,,,,,,,,,,,,,,,,,,,,,,,,,,,
F003592,23303,"Dressing, French or Italian, regular fat, commercial",976,976,63.3,0.1,0.02,20.2,4.5,0,0,5.5,6.2,0.1,0,0,,,11.7,11.7,11.7,0.3,,,,,,,,,,,,12.1,12.1,1.5,1.1,,0,0,0,,0,,,,,,,0,,2709,,0,41.2,0,0,,0,0,,,,0,0,0,1288,12,,0,0,0,0,0,0,0,,,,0,0.072,0,0,0,0,0,0,0.1,0,0,0,0,0,0,0,0,0,,8,,,,,,,,8.03,0,0,0,0,0,0,0,0,,,0,0,,,0.1,0.02,0,0,6.4,1.2,0.1,0.01,3.4,0.63,,,0.2,0.05,,,0.7,0.13,,,0.2,0.04,11.08,2.08,,,0,0,,,0.1,0.02,0,0,29.3,5.49,0.2,0.03,0,0,0,0,29.6,5.55,,,,,61,11.43,0.2,0.04,,,0,0,,,,,0,0,0,0,0,0,,,0,0,0,0,0,0,0,0,0,0,,,0,0,,,61.19,11.47,0,0,,,0.2,38.61,0,0,0,0,,,,,,,,,,,,,,,,,,,,,,,,,,,,,,,,,,
F003612,23301,"Dressing, thousand island, regular fat, commercial",1584,1572,47,1.1,0.18,33.7,2.8,1.5,0,3.3,3.2,9.1,0,0,,,15.6,14.7,14.7,2,,,,,,,,,,,,17.6,17.6,1.3,0.3,,0,0,0,,0,,,,,,,13,,1505,,0,38.16,5.3,0.32,,6,0.053,,,,32,138,1.1,931,17,,0,5,0,74,0,74,18,,,,0,0,0.4,0,0.4,0.13,0.06,3.6,0,0,0,0,0,0,0,0,0,0,0,19.1,,,,,,,,19.08,0,0,0,0,0,0,0,0,,,0,0,0,0,0,0,0,0,6.9,2.1,0.1,0.03,3.7,1.13,0,0,0.2,0.06,,,0.6,0.19,,,0.2,0.06,11.77,3.58,,,0,0,0,0,0.1,0.03,0,0,26.6,8.09,0.2,0.06,0,0,0,0,26.92,8.18,,,,,66.8,20.3,0.3,0.1,,,0,0,,,0,0,0,0,0,0,0,0,,,0,0,0,0,,,0,0,0,0,,,0,0,,,67.1,20.4,0,0,,,0.2,64.45,0,29,0,0,,,,,,,,,,,,,,,,,,,,,,,,,,,,,,,,,,
F004265,23101,"Gravy, prepared from dry powder with water",110,110,93.1,0.7,0.12,0.5,2,0,0,0,0,0.1,0,0,,,0.1,0.1,0.1,2.4,,,,,,,,,,,,4.6,4.6,,,,,,,,,,,,,,,4,,919,,0.059,87.53,0.9,0.1,,3,0.435,,,,15,11,0.7,507,16,,0.06,0,,0,,0,0,,,,0.021,0,0.14,0.13,0.27,,0.01,,0.1,1,0,1,1,0,0,0,0,0,0,0,,,,,,,,0.01,,,,,,,,,,,,,,,,,,,,0.2,,,,,,,,,,,,,,,,,,0.24,,,,,,,,,,,,0.14,,,,,,,,0.15,,,,,,0.1,,0,,,,,,,,,,,,,,,,,,,,0,,,,,,0,,,,0,,,,0.1,,0,,,,5.84,0,0,,8,,,,,,,,,,,,,,,,,,,,,,,,,,,,,,,,,,
F005441,23301,"Mayonnaise, traditional (greater than 70% fat), commercial",2881,2881,18.3,0.9,0.14,75.9,2.1,0,0,,,,,,,,2.5,2.5,2.5,0.2,,,,,,,,,,,,2.7,2.7,0.9,0,,0,0,0,,0,,,,,,,8,,1317,,0,37.62,19.4,0.3,,3,0,,,,23,16,2,464,21,,0,0,0,0,0,0,0,,,,0,0.485,0,0.22,0.22,0.11,0,2,0,0,0,0,0,0,0,0,0,0,0,10.5,,0.2,,,,,,10.59,0,0,0,0,0,0,0,0,,,0,0,0,0,0,0.02,0,0,8.9,6.55,0,0.03,3.8,2.76,0,0,0.4,0.28,,,0.6,0.41,,,0.1,0.07,13.78,10.1,,,0,0,0,0,0.2,0.15,0,0,34,24.92,0.4,0.3,0,0,0,0.03,34.65,25.4,,,,,45.8,33.56,4.3,3.16,,,0,29.03,,,0.1,58.06,0.1,58.06,0,0,0,0,,,0,0,0,0,,,0,0,0,0,,,0,0,,,50.29,36.87,0,0,,,0.4,304.81,0,32,93,13,,,,,,,,,,,,,,,,,,,,,,,,,,,,,,,,,,
F005437,23302,"Mayonnaise, low fat, commercial",580,580,73.8,0.5,0.09,2.9,2.3,0,0,,,,,,,,22.1,22,22,6.4,,,,,,,,,,,,28.5,28.5,,,,,,,,,,,,,,,9,,,,,,0,0.32,,3,,,,,25,17,2.2,732,,,0,0,,0,,0,0,,,,0,0.529,0,0.14,0.14,,0,,0,0,0,0,0,0,0,0,0,0,0,0.4,,,,,,,,0.4,0,0,0,0,0,0,0,0,,,0,0,0,0,0.1,0,0,0,9,0.23,0,0,4.5,0.12,0,0,0.3,0.01,,,0.8,0.02,,,0.2,0,14.9,0.38,,,0,0,0,0,0.2,0,0,0,48.9,1.26,0.2,0,0,0,0,0,49.36,1.27,,,,,42.6,1.09,0.2,0,,,0,0,,,0,0,0.4,11.09,0,0,0,0,,,0,0,0,0,,,0,0,0,0,,,0,0,,,43.2,1.11,0,0,,,0.6,16.64,0,26,102,8,,,,,,,,,,,,,,,,,,,,,,,,,,,,,,,,,,
F005973,23103,"Mustard, cream style",407,369,88.2,6.8,1.09,3.6,5.4,4.8,0,1.4,2.2,0.6,0,0,,,4.2,3.4,3.4,3,,,,,,,,,,,,7.3,7.3,,,,,,,,,,,,,,,97,,2761,,0.257,54.99,0,2.34,,64,0.585,,,,164,187,58.5,1661,187,,0.94,0,0,108,0,108,18,,,,0.234,0.035,1.17,1.74,2.91,,0,,0,9,0,9,9,0,0,0,0,0,0,12.4,,,,,,,,12.4,,,,,,,0,0,,,0,0,,,0,0,0,0,3.6,0.11,0,0,1.3,0.04,,,0.8,0.02,,,0,0,,,0,0,5.73,0.17,,,,,0,0,0.2,0.01,0,0,28.2,0.84,12.9,0.38,40.1,1.19,,,81.43,2.41,,,,,16.4,0.49,13.5,0.4,,,,,,,,,,,0,0,,,,,0,0,0,0,,,,,0,0,,,0,0,,,29.84,0.88,0,0,,,0,0,0,0,110,102,,,,,,,,,,,,,,,,,,,,,,,,,,,,,,,,,,
F007987,23103,"Sauce, barbecue, commercial",834,828,61,0.8,0.13,0.2,2.3,0.7,0,15,13.7,16.7,0,0,,,45.4,42.5,42.5,4.6,,,,,,,,,,,,50.1,50.1,,,,,,,,,,,,,,,17,,1186,,0.102,15.82,1.5,0.56,,10,0.113,,,,12,158,1.1,723,17,,0,0,0,46,0,46,8,,,,0,0.023,0.11,0,0.11,,0.09,,0,2,0,2,2,0,0,0,0,0,0,0.3,,,,,,,,0.33,,,,,,,,,,,,,,,,,,,0,0,,,,,,,,,,,,,,,,,0,0,,,,,,,,,,,0,0,,,,,,,0,0,,,,,0,0,0,0,,,,,,,,,,,,,,,,,,,0,0,,,,,0,0,,,0,0,,,0,0,0,0,,,0,0,0,0,0,0,,,,,,,,,,,,,,,,,,,,,,,,,,,,,,,,,,
F007992,23107,"Sauce, butter chicken, commercial",465,448,89.6,1.5,0.24,8.5,2.5,2.1,0,1.6,1.4,1.1,0,0,,,4.1,0.9,0.9,2.5,,,,,,,,,,,,6.6,6.6,,,,,,,,,,,,,,,24,,,,0,,3.4,0.88,,20,0,,,,15,163,1.6,522,,,0.28,21,0,0,0,0,21,,,,0.034,0.102,1.42,0.31,1.73,,0.01,,0,32,0,32,32,0,0,0,0,0,0,2.2,,,,,,,,2.23,0.7,0.05,0.6,0.04,0.4,0.03,0.9,0.07,,,1.4,0.1,,,4.4,0.32,0.5,0.03,32.8,2.36,0.3,0.02,6.3,0.46,,,0.5,0.03,,,0.2,0.01,,,0.1,0,49.05,3.54,,,0.3,0.02,,,0.9,0.07,0,0,44,3.18,0.5,0.04,0.2,0.02,0.1,0,46.14,3.33,,,,,12.4,0.9,3.1,0.22,,,0,0,,,,,0,0,0,0,0,0,,,0,0,0,0,0,0,0,0,0,0,,,0,0,,,15.5,1.12,0,0,,,1.3,93.01,0,20,88,18,,,,,,,,,,,,,,,,,,,,,,,,,,,,,,,,,,
F008000,23103,"Sauce, cranberry, commercial",759,749,68.4,0,0,0,0.1,1.3,0,,,,,,,,46.8,43.5,43.5,0,,,,,,,,,,,,46.8,46.8,,,,,,,,,,,,,,,4,,,,,,0,0.48,,2,,,,,5,58,0.5,58,,,0.04,0,0,0,,0,0,,,,0.018,0.025,0.12,0,0.12,,0.02,,0,1,0,1,1,1,0,0,0,0,0,1.1,,,,,,,,1.09,,,,,,,,,,,,,,,,,,,,,,,,,,,,,,,,,,,,,0,0,,,,,,,,,,,,,,,,,,,0,0,,,,,0,0,0,0,,,,,,,,,,,,,,,,,,,0,0,,,,,0,0,,,0,0,,,0,0,0,0,,,0,0,0,0,0,0,,,,,,,,,,,,,,,,,,,,,,,,,,,,,,,,,,
F008004,23103,"Sauce, fish, commercial",260,248,79.8,8.3,1.33,0.4,25.3,1.5,0,0,0.5,4.1,0.7,0,,,5.4,5.4,5.4,0,,,,,,,,,,,,5.4,5.4,0.5,,,,,,,,,,,,,,37,,,,0.399,,40.3,1.89,,145,0.066,,,,15,262,25.6,10071,,,0.91,0,30,17,35,50,8,,,,0,0.122,2.2,1.67,3.87,,0.48,,0,62,0,62,62,0,0,0,0,0,0,0,,,,,,,,0,,,,,,,,,,,,,,,,,,,,,,,,,,,,,,,,,,,,,45.75,0.1,,,,,,,,,,,,,,,,,,,30.5,0.06,,,,,15.2,0.03,0,0,,,,,,,,,,,,,,,,,,,15.2,32.02,,,,,0,0,,,30.5,64.05,,,61,0.13,45.75,96.075,,,3.9,8.28,0,0,90,98,,,,,,,,,,,,,,,,,,,,,,,,,,,,,,,,,,
F008008,23103,"Sauce, hoi sin (hoisin), commercial",996,906,44.1,1.8,0.31,5.8,6.2,11.2,0,10.5,10.7,15,0,0,,,36.2,34.9,34.9,4,,,,,,,,,,,,40.2,40.2,0.9,,,,,,,,,,,,,,44,,,,0.27,,1.7,5.08,,15,0.032,,,,37,55,0,1674,,,0.65,0,,4,57,33,5,,,,0.011,0.27,1.19,0,1.19,,0.06,,0,25,0,25,25,1,0,0,0,0,0,0,,,,,,,,0,,,,,0,0,0,0,,,0,0,,,0,0,,,13,0.67,,,4.3,0.22,,,0,0,,,0,0,,,0,0,17.28,0.89,,,,,,,,,,,25.9,1.34,,,,,,,25.92,1.34,,,,,56.7,2.93,8,0.41,,,,,,,,,,,,,,,,,,,0,0,,,,,0,0,,,0,0,,,64.69,3.34,0,0,,,0,0,0,0,0,0,,,,,,,,,,,,,,,,,,,,,,,,,,,,,,,,,,
F008026,23103,"Sauce, oyster, commercial",574,571,77.5,3.4,0.55,1.2,12.6,0.4,0,2,1.7,15.4,0,0,,,19,18.9,18.9,6.6,,,,,,,,,,,,25.6,25.6,3.4,,,,,,,,,,,,,,49,,,,0.439,,3.7,4.76,,29,0.049,,,,9,256,5.4,4624,,,1.1,49,,0,9,4,50,,,,0.024,0.061,0.73,0.65,1.38,,0.02,,0,18,0,18,18,0,0,0,0,0,0,0,,,,,,,,0,,,,,,,,,,,,,,,,,,,,,,,,,,,,,,,,,,,,,28.82,0.2,,,,,,,,,,,,,,,,,,,48.95,0.34,,,,,41.6,0.29,1.3,0.01,,,,,,,,,,,,,,,,,,,0.7,4.69,,,,,0,0,,,0.7,4.69,,,44.24,0.31,1.34,9.377,,,0,0,0,0,86,38,,,,,,,,,,,,,,,,,,,,,,,,,,,,,,,,,,
F008028,23107,"Sauce, pasta or simmer, commercial, low fat",271,259,96.6,0.9,0.14,3.3,2.5,1.5,0,1,1.2,1.7,0,0,,,4,2.4,2.4,3.5,,,,,,,,,,,,7.5,7.5,,,,,,,,,,,,,,,10,,,,0,,0,0.91,,11,0,,,,23,101,1.1,318,,,0.23,0,0,25,0,25,4,,,,0.599,0.057,1.19,0.09,1.28,,1.75,,0,37,0,37,37,0,0,0,0,0,0,1.9,,,,,,,,1.86,,,,,,,,,,,,,,,,,,,,,,,,,,,,,,,,,,,,,12.43,0.34,,,,,,,,,,,,,,,,,,,50.23,1.39,,,,,38.8,1.08,9.4,0.26,,,,,,,,,,,,,,,,,,,0,0,,,,,0,0,,,0,0,,,48.2,1.34,0,0,,,2.5,70.49,0,0,43,5,,,,,,,,,,,,,,,,,,,,,,,,,,,,,,,,,,
F008029,23103,"Sauce, pasta, basil pesto, commercial",1838,1824,53,6.1,0.98,42.7,5.2,1.7,0,0.5,0.9,1,0,0,,,2.4,0.9,0.9,6.1,,,,,,,,,,,,8.5,8.5,,,,,,,,,,,,,,,169,,,,0,,6.9,1.62,,37,0.495,,,,23,267,6.3,1439,,,1.25,0,0,352,0,352,59,,,,0.092,0.15,3.22,1.67,4.89,,0.29,,0.5,39,0,39,39,0,0,0,0,0,0,6.2,,,,,,,,6.19,,,,,,,,,,,,,,,,,,,,,,,,,,,,,,,,,,,,,22.48,7.98,,,,,,,,,,,,,,,,,,,70.46,24.99,,,,,15.5,5.5,4.9,1.73,,,,,,,,,,,,,,,,,,,0,2.45,,,,,0,4.49,,,0,0,,,20.42,7.24,0.02,6.933,,,0.1,41.2,0,9,116,98,,,,,,,,,,,,,,,,,,,,,,,,,,,,,,,,,,
F008036,23107,"Sauce, pasta, cheese or cream-based, commercial",429,413,84,1.8,0.29,7.9,2.4,2,0,1,0.3,1.6,0,0.6,,,3.5,0,0,2,,,,,,,,,,,,5.5,5.5,,,,,,,,,,,,,,,39,,,,0,,21.6,0.16,,6,0,,,,17,153,3.4,619,,,0.38,0,0,0,0,0,0,,,,0.604,0.095,0.48,0.32,0.8,,0.07,,0.5,29,0,29,29,0,0,0,0,0,0.02,0.3,,,,,,,,0.34,0,0,0,0,0,0,0,0,,,0.1,0.01,,,0.4,0.03,0,0,5.4,0.38,0.1,0.01,2.6,0.19,,,0.5,0.04,,,0.2,0.02,,,0,0,9.43,0.67,,,0,0,,,0.3,0.02,0,0,67.2,4.79,1.1,0.08,0,0,0.1,0.01,68.69,4.89,,,,,17.8,1.27,8.1,0.57,,,0,0,,,,,0,0,0,0,0,0,,,0,0,0.1,7.55,0,0,0,0,0,0,,,0,0,,,25.97,1.85,0.106,7.549,,,0.7,52.85,0,32,70,19,,,,,,,,,,,,,,,,,,,,,,,,,,,,,,,,,,
F008050,23104,"Sauce, pasta, tomato-based, commercial, heated",249,229,92.9,1.7,0.28,1.8,2.3,2.5,0,2.8,2.4,1.5,0,0,,,6.7,4.2,4.2,1.5,,,,,,,,,,,,8.3,8.3,,,,,,,,,,,,,0,1.9,31,13.2,770,,0.121,20.9,0,0.89,,15,0.344,0,4.8,,36,372,1.1,428,24,5.4,0.22,0,73,355,55,419,70,,,,0.047,0.061,1.16,0.18,1.34,0.04,0.17,5.6,0,56,0,56,56,0,0,0,0,0,0,1.8,,,,,,,,1.82,,,,,,,,,,,,,,,,,,,,,,,,,,,,,,,,,,,,,12.7,0.17,,,,,,,,,,,,,,,,,,,45.29,0.59,,,,,41,0.54,8.4,0.11,,,,,,,,,,,,,,,,,,,0,0,,,,,0,0,,,0,0,,,49.44,0.65,0,0,,,0,0,0,0,42,10,,,,,,,,,,,,,,,,,,,,,,,,,,,,,,,,,,
F008054,23103,"Sauce, plum, commercial",1236,1229,51.5,0.2,0.03,1,2.7,0.8,0,31.3,30.8,0,0,0,,,62.2,58.3,58.3,10.7,,,,,,,,,,,,72.9,72.9,0.8,,,,,,,,,,,,,,19,,,,0.903,,0,3.22,,31,0.026,,,,6,41,0.5,1226,,,1.16,0,,34,32,50,8,,,,0,0.065,0,0,0,,0.1,,0,8,0,8,8,3,0,0,0,0,0,0,,,,,,,,0,,,,,0,0,0,0,,,0,0,,,32.2,0.24,,,39.1,0.29,,,0,0,,,0,0,,,0,0,,,0,0,71.34,0.52,,,,,,,,,,,24.8,0.18,,,,,,,24.77,0.18,,,,,33.5,0.25,0,0,,,,,,,,,,,,,,,,,,,0,0,,,,,0,0,,,0,0,,,33.54,0.25,0,0,,,0,0,0,0,0,0,,,,,,,,,,,,,,,,,,,,,,,,,,,,,,,,,,
F008055,23107,"Sauce, rogan josh, commercial",333,316,88.7,1.7,0.27,4.6,2.8,2.1,0,1.4,1,1.1,0,0,,,3.5,2,2,3.5,,,,,,,,,,,,7,7,,,,,,,,,,,,,,,32,,,,0,,5.7,1.24,,23,0.136,,,,21,372,0,574,,,0.32,8,0,23,0,23,12,,,,0.068,0.124,1.02,0.19,1.21,,0.09,,0,34,0,34,34,0,0,0,0,0,0,1,,,,,,,,1.02,0.5,0.02,0.6,0.02,3.6,0.14,3.2,0.12,,,19.3,0.76,,,9.5,0.37,0.3,0.01,12.9,0.5,0,0,4.6,0.18,,,0.2,0.01,,,0,0,,,0,0,54.69,2.14,,,0.2,0.01,,,0.5,0.02,,,33.9,1.33,0.6,0.02,0,0,0,0,35.14,1.38,,,,,20.2,0.79,2.6,0.1,,,0,0,,,,,0,0,0,0,0,0,,,0,0,0,0,,,0,0,0,0,,,0,0,,,22.83,0.9,0,0,,,0.7,28.48,0,5,48,11,,,,,,,,,,,,,,,,,,,,,,,,,,,,,,,,,,
F008056,23104,"Sauce, salsa, tomato-based, commercial",160,146,98.4,1.4,0.23,0,2.2,1.8,0,2.4,2.4,0.6,0,0,,,5.4,0,0,1.5,,,,,,,,,,,,6.9,6.9,,0.6,,0,0.4,,,0,,,,,,,40,,935,,0.11,0,1.1,0.67,,16,0.11,,,,29,297,0,528,,,0.19,0,0,198,,198,33,,,,0.055,0,0.88,0,0.88,0,0.1,2,0,40,0,40,40,9,0,0,0,0,0,1.1,,,,,,,,1.1,,,,,,,,,,,,,,,,,,,0,0,,,,,,,,,,,,,,,,,0,0,,,,,,,,,,,0,0,,,,,,,0,0,,,,,0,0,0,0,,,,,,,,,,,,,,,,,,,0,0,,,,,0,0,,,0,0,,,0,0,0,0,,,0,0,0,0,0,0,,,,,,,,,,,,,,,,,,,,,,,,,,,,,,,,,,
F008062,23107,"Sauce, simmer for chicken, commercial",433,418,92.2,0.9,0.14,8.5,1.9,1.9,0,1,1.1,1.6,0,0,,,3.7,0.2,0.2,1.7,,,,,,,,,,,,5.4,5.4,,,,,,,,,,,,,,,10,,,,0,,2.3,0.7,,16,0,,,,17,61,1,240,,,0.2,0,0,0,0,0,0,,,,3.164,0.079,1.39,0.16,1.55,,0.34,,0,34,0,34,34,0,0,0,0,0,0,0.9,,,,,,,,0.9,0,0,0,0,0,0,0.2,0.01,,,0.1,0.01,,,0.5,0.04,0.1,0.01,8.3,0.59,0.2,0.01,4,0.29,,,0.3,0.02,,,0.7,0.05,,,0.2,0.02,14.64,1.05,,,0,0,,,0.4,0.03,0.1,0,33.7,2.42,0.2,0.02,0,0,0,0,34.39,2.47,,,,,61.6,4.42,0.6,0.04,,,0,0,,,,,0,0,0,0,0,0,,,0,0,0,0,0,0,0,0,0,0,,,0,0,,,62.13,4.46,0,0,,,0.2,11.35,0,0,75,10,,,,,,,,,,,,,,,,,,,,,,,,,,,,,,,,,,
F008063,23107,"Sauce, simmer, curry flavoured, commercial",559,538,87.3,2.4,0.38,7.8,2.1,2.6,0,2.7,2.8,2.5,0,0,,,8,0,0,4.1,,,,,,,,,,,,12.1,12.1,,0.2,,0.2,0.4,,,0,,,,,,,35,,938,,0.136,0,4.6,1.24,,24,0.429,,,,47,203,0,576,,,0.32,8,0,170,,170,36,,,,1.062,0.057,1.02,0.39,1.41,0,0.09,4,0,33,0,33,33,0,0,0,0,0,0,1,,,,,,,,1.02,0.7,0.04,0.7,0.05,1.7,0.11,2.1,0.13,,,9.1,0.58,,,7.5,0.48,0.5,0.03,25.6,1.63,0.3,0.02,6.4,0.41,,,0.4,0.02,,,0.2,0.02,,,0,0,55.28,3.53,,,0.5,0.03,,,1,0.07,0.1,0.01,36.7,2.34,0.5,0.03,0.1,0.01,0,0,38.91,2.48,,,,,12.9,0.83,2.7,0.17,,,0,2.34,,,,,0,0,0,0,0,0,,,0,0,0,0,0,0,0,0,0,0,,,0,0,,,15.68,1,0,0,,,1,64.36,0,5,68,23,,,,,,,,,,,,,,,,,,,,,,,,,,,,,,,,,,
F008065,23103,"Sauce, soy, commercial",170,170,75.1,5.7,0.99,0,18.1,0,0.9,0.3,0.8,0.6,0,0,,,1.8,1,1,1,,,,,,,,,,,,2.8,2.8,,,,,,,,,,,,,,,17,,10605,,0.012,0,3.5,1.51,,31,0.357,,,,85,189,3.7,6883,61,,0.31,0,0,0,0,0,0,,,,0,0.173,0.52,1.24,1.76,0.12,0.1,3.4,0,15,0,15,15,0,0,0,0,0,0,0,,,,,,,,0,,,,,,,,,,,,,,,,,,,0,0,,,,,,,,,,,,,,,,,0,0,,,,,,,,,,,0,0,,,,,,,0,0,,,,,0,0,0,0,,,,,,,,,,,,,,,,,,,0,0,,,,,0,0,,,0,0,,,0,0,0,0,,,0,0,0,0,77,73,,,,,,,,,,,,,,,,,,,,,,,,,,,,,,,,,,
F008067,23103,"Sauce, soy, commercial, reduced salt",170,170,84.1,5.7,0.99,0,9.5,0,0.9,0.3,0.8,0.6,0,0,,,1.8,0.9,0.9,1,,,,,,,,,,,,2.8,2.8,,,,,,,,,,,,,,,18,,10605,,0,0,1.6,2.31,,34,0.357,,,,93,189,5.2,3778,61,,0.32,0,0,0,0,0,0,,,,0,0.252,0.52,1.1,1.62,0.12,0.1,3.4,0,46,0,46,46,0,0,0,0,0,0,0,,,,,,,,0,,,,,,,,,,,,,,,,,,,0,0,,,,,,,,,,,,,,,,,0,0,,,,,,,,,,,0,0,,,,,,,0,0,,,,,0,0,0,0,,,,,,,,,,,,,,,,,,,0,0,,,,,0,0,,,0,0,,,0,0,0,0,,,0,0,0,0,68,65,,,,,,,,,,,,,,,,,,,,,,,,,,,,,,,,,,
F008077,23103,"Sauce, tabasco, commercial",56,51,93.3,1.3,0.2,0.7,1.9,0.6,0,,,,,,,,0.1,0,0,0,,,,,,,,,,,,0.1,0.1,,,,,,,,,,,,,,,12,,,,0.074,,0.7,1.14,,12,0.105,,,,23,125,0.5,620,,,0.16,0,61,901,67,964,161,,,,0.031,0.082,0.17,0.28,0.45,0.11,0.15,,0,1,0,1,1,4,0,0,0,0,0,0,,,,,,,,0.01,,,,,,,,,,,,,,,,,,,,,,,,,,,,,,,,,,,,,19.86,0.12,,,,,,,,,,,,,,,,,,,1.63,0.01,,,,,68.7,0.42,0.6,0,,,,,,,,,,,,,,,,,,,0,0,,,,,0,0,,,0,0,,,69.23,0.42,0,0,,,0,0,0,0,81,17,,,,,,,,,,,,,,,,,,,,,,,,,,,,,,,,,,
F008083,23104,"Sauce, tomato, commercial",454,443,72.5,1.4,0.22,0,2.6,1.4,0,4.5,4.6,15.6,0,0,,,24.6,22.4,22.4,0.4,,,,,,,,,,,,25.1,25.1,1,0.4,,0,0,0,,0,,,488.8,,0,1.4,14,3,1456,,0.074,9.36,4.8,0.68,0,15,0.121,0,3.8,61,28,304,0,905,17,0,0.16,0,0,250,0,250,42,,7072,,0.031,0,0,0.11,0.11,0,0,4.7,0,17,0,17,17,0,0,0,0,0,0,1,,0,,0,,0,,1.04,,,,,,,,,,,,,,,,,,,0,0,,,,,,,,,,,,,,,,,0,0,,,,,,,,,,,0,0,,,,,,,0,0,,,,,0,0,0,0,,,,,,,,,,,,,,,,,,,0,0,,,,,0,0,,,0,0,,,0,0,0,0,,,0,0,0,0,30,6,,,,,,,,,,,,,,,,,,,,,,,,,,,,,,,,,,
F008085,23104,"Sauce, tomato, commercial, reduced salt",454,443,73,1.4,0.22,0,2.6,1.4,0,4.5,4.6,15.6,0,0,,,24.6,22.4,22.4,0.4,,,,,,,,,,,,25.1,25.1,1,0.4,,0,0,,,0,,,488.8,,0,1.2,12,3.2,,,0.068,,3.2,0.64,0,15,0.114,,3.1,,28,281,0,550,,,0.15,0,0,250,0,250,42,,7072,,0.031,0,0,0.11,0.11,0,0,,0,17,0,17,17,0,0,0,0,0,0,1,,0,,0,,0,,1.04,,,,,,,,,,,,,,,,,,,,,,,,,,,,,,,,,,,,,0,0,,,,,,,,,,,,,,,,,,,0,0,,,,,0,0,0,0,,,,,,,,,,,,,,,,,,,0,0,,,,,0,0,,,0,0,,,0,0,0,0,,,0,0,0,0,30,6,,,,,,,,,,,,,,,,,,,,,,,,,,,,,,,,,,
F008090,23108,"Sauce, white, savoury, homemade",801,800,75.7,4.2,0.68,14.3,1,0.2,0,0,0,0.1,0.1,,,,5.9,0,0,6.1,,,,,,,,,,,,12,12,,,,,,,,,,,5.5,,0.2,0,104,1.5,,,0.021,,22,0.13,0,13,0.114,,5.4,,98,151,2.4,138,,,0.41,113,,29,,29,118,,,,0.019,0.199,0.41,0.89,1.3,0.38,0.06,,0.5,13,0,13,13,0,0.1,0,0,0,0.09,0.3,,,,,,,,0.31,,0.2,,0.2,,0.14,,0.4,,,,0.42,,,,1.69,,0.17,,4.42,,0.09,,1.52,,,,0.01,,,,0,,,,0,,9.27,,,,,,,,,,,,,,,,,,,,3.01,,,,,,0.24,,0.07,,,,0,,,,,,0,,0,,0,,,,3.61,,2.06,,0,,0,,12.75,,,,0,,,,0.33,,14.806,,,,749.87,0,32,,52,,,,,,,,,,,,,,,,,,,,,,,,,,,,,,,,,,
F008094,23103,"Sauce, Worcestershire, commercial",380,380,89.4,1.5,0.25,0.2,6.1,0,0,8.3,7.7,4.6,0,0,,,20.6,19,19,0.9,,,,,,,,,,,,21.5,21.5,,,,,,,,,,,,,,,195,,2489,,0.171,1.22,1.2,4.51,,101,0.83,,,,28,1086,4.9,1293,183,,0.49,0,0,10,0,10,2,,,,0,0.159,0.49,0.29,0.78,0.71,0.74,31.7,0.2,3,0,3,3,0,0,0,0,0,0,0.1,,,,,,,,0.15,,,,,0,0,0,0,,,0,0,,,2.2,0,0.4,0,20.1,0.04,0.5,0,4.6,0.01,,,0.6,0,,,0,0,,,0,0,28.43,0.05,,,0,0,0,0,2,0,0,0,48.9,0.09,1.2,0,0,0,,,52.09,0.1,,,,,26.8,0.05,3.2,0.01,,,,,,,,,,,0,0,,,,,0.4,0.67,2.6,4.71,,,0,0,0.2,0.45,,,8.3,15.26,,,41.48,0.08,11.102,20.428,,,0,0,0,0,86,17,,,,,,,,,,,,,,,,,,,,,,,,,,,,,,,,,,
F009498,23305,Vinegar (except balsamic vinegar),66,66,96.5,0.1,0.01,0,0,0,0,,,,,,,,0,0,0,0,,,,,,,,,,,,0,0,4.3,,,,,,,,,,,,,,1,,20,,0,24.24,0.3,0,,1,0,,,,5,6,0,5,1,,0,0,,0,,0,0,,,,0,0,0,0,0,,0,,0,0,0,0,0,0,0,0,0,0,0,0,,,,,,,,0,,,,,,,,,,,,,,,,,,,0,0,,,,,,,,,,,,,,,,,0,0,,,,,,,,,,,0,0,,,,,,,0,0,,,,,0,0,0,0,,,,,,,,,,,,,,,,,,,0,0,,,,,0,0,,,0,0,,,0,0,0,0,,,0,0,0,0,0,0,,,,,,,,,,,,,,,,,,,,,,,,,,,,,,,,,,
F003270,19301,"Cream, thickened, regular fat (approximately 35%)",1451,1451,59.6,2.1,0.33,37.2,0.4,0,0,0,0,0,0,2.5,0,,2.5,0,0,0,,,,,,,,,,,,2.5,2.5,,,,,,,,,,,0,,,0,62,0.2,,,0.005,,11.6,0,,6,0.002,,10.7,1,60,87,0,28,20,,0.2,258,0,185,0,185,288,,,,0.021,0.124,0,0.37,0.37,0.16,0,,0.2,66,0,66,66,0,0,0,0,0,0,1.1,,0,,0,,0,,1.13,4.2,1.44,2.4,0.83,1.4,0.46,3.1,1.04,,,3.8,1.3,0,0,11.6,3.97,1.2,0.42,30.7,10.48,0.8,0.26,10.7,3.66,0.1,0.04,0.2,0.05,,,0.1,0.03,,,0,0,70.3,23.98,,,1.1,0.37,0,0,1.8,0.6,0.3,0.09,23,7.83,0.2,0.07,0,0,0,0,26.26,8.96,,,,,2.1,0.72,0.9,0.32,,,0,0,,,0.8,288.13,0,0,0,0,0,0,,,0,0,0.1,40.99,0,0,0,0,0.1,35.14,,,0,0,,,4.11,1.4,0.224,76.132,0,0,5.6,1918.53,0,113,68,22,,,,,,,,,,,,,,,,,,,,,,,,,,,,,,,,,,
F003255,19305,"Cream, imitation (non-dairy)",1119,1119,59.4,1,0.16,22,0.2,0,0,0,3.8,11.8,0,0.8,,,16.5,16.4,16.4,1.4,,,,,,,,,,,,17.9,17.9,,,,,,,,,,,,,,,17,,91,,0,0,0,0,,2,0,,,,20,24,6.1,58,,,0.14,0,0,0,,0,0,,,,0,0,0,0,0,0,0,,0,0,0,0,0,0,0,0,0,0,0,0,,,,,,,,0,0,0,0.2,0.04,3.6,0.75,3.4,0.7,,,46.5,9.54,,,15.7,3.22,0,0,9.4,1.93,0,0,16.2,3.32,,,0.2,0.04,,,0,0,,,0,0,95.14,19.54,,,0,0,,,0,0,,,5.4,1.1,0,0,0,0,0,0,5.35,1.1,,,,,0.4,0.08,0,0,,,0,0,,,,,0,0,0,0,0,0,,,0,0,0,0,,,0,0,0,0,,,0,0,,,0.4,0.08,0,0,,,1.5,311.11,0,0,0,0,,,,,,,,,,,,,,,,,,,,,,,,,,,,,,,,,,
F003269,19303,"Cream, sour, regular fat",1386,1386,58.8,1.9,0.3,35.6,0.4,0,0,0,0,0,0,2,0,,2,0,0,0,,,,,,,,,,,,2,2,0,0,,0.4,0,,0,0,,0,0,,,0,49,0,,,0.007,,14.7,0,,5,0.001,,9.8,,47,73,0,19,18,,0.18,314,0,137,0,137,336,,,,0,0.108,0,0.25,0.25,0.12,0,,0.1,56,0,56,56,0,0,0,0,0,0,1.1,,0,,0,,0,,1.08,2.5,0.87,1.8,0.6,1.1,0.37,2.7,0.94,,,3.3,1.14,,,11.3,3.87,1.3,0.44,29.5,10.12,0.8,0.27,12.5,4.3,,,0.2,0.07,,,0,0,,,0,0,67.03,22.99,,,0.9,0.3,,,1.9,0.64,0,0,22,7.56,0,0,0,0,0,0,24.79,8.5,,,,,1.7,0.57,0.6,0.2,,,0,0,,,,,0,0,0,0,0,0,,,0,0,0,0,0,0,0,0,0,0,,,0,0,,,2.25,0.77,0,0,,,3.9,1344.7,0,89,48,15,,,,,,,,,,,,,,,,,,,,,,,,,,,,,,,,,,
F003267,19304,"Cream, sour, light (approximately 18% fat)",886,886,65.5,3.7,0.58,20.1,0.9,0,0,0,0,0,0,4.6,0,,4.6,0,0,0,,,,,,,,,,,,4.6,4.6,0,0,,0.4,0,,0,0,,0,0,,,0,82,0,,,0.007,,15.3,0,,5,0.001,,10.2,,74,75,0,19,18,,0.18,183,0,80,0,80,196,,,,0,0.112,0,0.48,0.48,0.12,0,,0.1,58,0,58,58,0,0,0,0,0,0,0.6,,0,,0,,0,,0.63,2.7,0.49,1.8,0.34,1.1,0.21,2.9,0.53,,,3.5,0.65,,,11.7,2.18,1.3,0.25,30.7,5.72,0.8,0.15,13.1,2.43,,,0.2,0.04,,,0,0,,,0,0,69.77,12.99,,,0.9,0.17,,,1.9,0.36,0,0,23,4.27,0,0,0,0,0,0,25.81,4.8,,,,,1.7,0.32,0.6,0.11,,,0,0,,,,,0,0,0,0,0,0,,,0,0,0,0,0,0,0,0,0,0,,,0,0,,,2.35,0.44,0,0,,,4.1,759.55,0,93,50,28,,,,,,,,,,,,,,,,,,,,,,,,,,,,,,,,,,
F004508,19501,"Ice cream, vanilla flavour, regular fat",433,433,33.8,2,0.32,5.8,0.4,0,0,0,0.3,6.6,0,3.2,0,,10.1,7.2,7.2,1.2,,,,,,,,,,,,11.3,11.3,0,0.1,,0,0,,0,0,,,,,,,51,0.3,62,,0,,12.2,0.05,,7,0.002,,3.8,0,46,78,0.6,26,,,0.13,82,0,104,0,104,100,,,,0,0.16,0.38,0.66,1.04,0,0.02,,0,5,0,5,5,0,0,0,0,0,0,0,,0,,,,,,0,3.1,0.31,1.7,0.17,0.8,0.08,1.7,0.17,,,1.9,0.19,,,6,0.6,0.7,0.07,16.6,1.66,0.4,0.04,6.5,0.66,,,0,0,,,0,0,,,0,0,39.32,3.94,,,0.6,0.06,,,1,0.1,0,0,12.2,1.22,0,0,0,0,0,0,13.75,1.38,,,,,1,0.1,0.5,0.05,,,0,0,,,,,0,0,0,0,0,0,,,0,0,0,0,0,0,0,0,0,0,,,0,0,,,1.54,0.15,0,0,,,1.7,170.79,0,19,67,39,,,,,,,,,,,,,,,,,,,,,,,,,,,,,,,,,,
F005634,19101,"Milk, cow, fluid, regular fat (3.5% fat)",290,290,90.7,3.5,0.54,3.5,0.7,0,0,0,0,0,0,6.1,0,,6.1,0,0,0,,,,,,,,,,,,6.1,6.1,0,0.2,,0,0,,0,0,,,1,0,0,0,107,0.7,103,,0.006,,22.9,0.03,0,10,0.003,0,3.1,0,91,143,1.3,37,29,0,0.35,50,0,18,0,18,53,,,,0.005,0.207,0.2,0.72,0.92,0.38,0.07,3.9,0.6,14,0,14,14,0,0.1,0,0,0,0.05,0.1,,0,,0,,0,,0.09,1.8,0.06,1.6,0.05,1,0.03,2.3,0.07,0,0,3,0.1,0,0,12.4,0.4,1.3,0.04,33.4,1.08,0.7,0.02,12.3,0.4,,,0.1,0,0,0,0,0,0,0,0,0,69.82,2.26,,,0.9,0.03,0.2,0,1.7,0.06,0.2,0.01,25.1,0.81,0.1,0,0,0,0.1,0,28.29,0.92,,,,,2.1,0.07,0.6,0.02,,,0,0,,,,,0,0,0,0,0,0,,,0.1,1.67,0,0,0,0,0,0,0.1,2.5,,,0,0,,,2.84,0.09,0.077,2.5,,,3.6,116.68,0,11,80,42,,,,,,,,,,,,,,,,,,,,,,,,,,,,,,,,,,
F005635,19102,"Milk, cow, fluid, regular fat (3.5% fat), added omega 3 polyunsaturates",261,261,91.9,3.2,0.5,3.3,0.9,0,0,0,0,0,0,5.3,0,,5.3,0,0,0,,,,,,,,,,,,5.3,5.3,,,,,,,,,,,57.7,,0.5,0.5,113,1.1,,,0.053,,24.7,0.45,0.5,10,0.059,0.5,4.1,,91,206,0.5,41,,,0.12,50,0,5,,5,51,,,,0.041,0.227,0,0.67,0.67,0.82,0.07,,0.6,14,0,14,14,0,0.1,0,0,0,0.1,0.1,,0,,0,,0,,0.09,2,0.06,2,0.06,1,0.03,2.2,0.07,,,3,0.09,,,11,0.33,1.2,0.04,36.8,1.11,0,0,11.7,0.36,,,0,0,,,0.1,0,,,0,0,70.97,2.15,,,1,0.03,,,2.3,0.07,0,0,24.2,0.73,0,0,0,0,0,0,27.5,0.83,,,,,2.6,0.08,1,0.03,,,0,0,,,,,0,0,0,0,0.1,1.56,,,0.1,3.12,0,0,0,0,0,0,0.1,1.56,,,0.4,10.9,,,4.17,0.13,0.412,12.459,,,2.1,63.23,0,5,80,39,,,,,,,,,,,,,,,,,,,,,,,,,,,,,,,,,,
F005614,19103,"Milk, cow, fluid, reduced fat (1% fat)",198,198,93.3,3.7,0.58,1.3,0.8,0,0,0,0,0,0,5.3,0,,5.3,0,0,0,,,,,,,,,,,,5.3,5.3,0,0.2,,0.1,0,,0,0,,,0,,,0,120,0.1,,,0.004,,26.8,0.01,,12,0.003,,3.1,0,102,166,0.7,38,33,,0.42,14,0,4,0,4,15,,,,0.01,0.21,0.57,0.76,1.33,0.49,0.03,,0.6,26,0,26,26,0,0.1,0,0,0,0.09,0,,0,,0,,0,,0.03,5,0.06,2.8,0.03,1.4,0.02,3,0.04,,,3.5,0.04,,,11.6,0.14,1.3,0.02,30.9,0.36,0.4,0,12.2,0.14,,,0.1,0,,,0,0,,,0,0,72.23,0.85,,,1,0.01,,,2.2,0.03,0,0,23.6,0.28,0,0,0,0,0,0,26.78,0.32,,,,,2.1,0.02,0.7,0.01,,,0,0,,,,,0,0,0,0,0,0,,,0.1,0.62,0,0,0,0,0,0,0,0,,,0,0,,,2.91,0.03,0,0,,,3.3,39.31,0,5,79,45,,,,,,,,,,,,,,,,,,,,,,,,,,,,,,,,,,
F005621,19104,"Milk, cow, fluid, reduced fat (1.5% fat), added omega 3 polyunsaturates",222,222,91.9,4.7,0.74,1.5,0.9,0,0,0,0,0,0,5.3,0,,5.3,0,0,0,,,,,,,,,,,,5.3,5.3,0,0.2,,0.1,0,,0,0,,,58.2,,0.5,0.5,114,1.1,,,0.053,,25,0.46,0.5,11,0.059,0.5,4.2,,98,208,0.5,42,,,0.12,10,0,5,0,5,11,,,,0.042,0.229,0,1.06,1.06,0.83,0.04,,0.6,27,0,27,27,0,0.1,0,0,0,0.1,0.1,,0,,0,,0,,0.05,1,0.01,0.9,0.01,0.5,0.01,0.6,0.01,,,1.7,0.02,,,3.2,0.04,0.3,0,18.7,0.25,0.2,0,9.4,0.12,,,0,0,,,0.6,0.01,,,0.3,0,37.49,0.5,,,0.2,0,,,0.9,0.01,0,0,56.4,0.75,0.3,0,0,0,0,0,57.75,0.76,,,,,5.6,0.07,1.1,0.02,,,0,0,,,,,0,0,0,0,0,0,,,0.1,1.03,0.7,9.63,0,0,0,0,0.1,1.72,,,1.1,14.45,,,8.71,0.12,1.95,25.799,,,1.1,15.14,0,5,88,62,,,,,,,,,,,,,,,,,,,,,,,,,,,,,,,,,,
F005637,19105,"Milk, cow, fluid, skim (0.15% fat)",152,152,92.9,3.7,0.59,0,0.5,0,0,0,0,0,0,5.5,0,,5.5,0,0,0,,,,,,,,,,,,5.5,5.5,,,,,,,,,,,0,,0,0,120,0.2,,,0.004,,18.7,0,0,11,0.003,,3.1,0,100,166,1.4,40,,,0.42,0,0,0,0,0,0,,,,0.021,0.177,0,0.93,0.93,0.31,0.02,,0.8,9,0,9,9,0,0.1,0,0,0,0.1,0,,0,,0,,0,,0,3.7,0,2.4,0,1.2,0,2.8,0,,,3.3,0,0.1,0,11.1,0,1.1,0,32.1,0,0.7,0,11.6,0,0.1,0,0.2,0,,,0.1,0,,,0,0,70.58,0,,,0.9,0,0,0,1.7,0,0.3,0,24.3,0,0.2,0,0,0,,,27.52,0,,,,,2.3,0,0.8,0,,,,,,,0.7,0,,,,,,,,,,,0.1,0,,,,,0.1,0,,,0,0,,,3.88,0,0.174,0,0,0,2,0,0,3,97,55,,,,,,,,,,,,,,,,,,,,,,,,,,,,,,,,,,
F005638,19105,"Milk, cow, fluid, skim (0.15% fat), added milk solids",180,180,91.2,4.4,0.69,0,0.7,0,0,0,0,0,0,6.6,,,6.6,0,0,0,,,,,,,,,,,,6.6,6.6,,,,,,,,,,,,,,,140,,,,,,22.5,0,,13,,,,,119,201,1.7,47,,,0.48,0,0,0,0,0,0,,,,0.025,0.209,0,1.06,1.06,,0.02,,0.8,10,0,10,10,0,0.1,0,0,0,0.11,0,,0,,0,,0,,0,,0,,0,,0,,0,,,,0,,,,0,,0,,0,,0,,0,,,,0,,,,0,,,,0,,0.01,,,,0,,,,0,,0,,0,,0,,0,,,,0,,,,,,0,,0,,,,,,,,,,,,,,,,,,,,0.02,,,,,,0.03,,,,0,,,,0,,0.047,,,,0.31,0,3,,63,,,,,,,,,,,,,,,,,,,,,,,,,,,,,,,,,,
F005599,19101,"Milk, cow, fluid, lactose free, regular fat (3.5% fat)",256,256,91.5,3.2,0.5,3.3,0.7,0.1,0,0,2.4,0,0,0,2.3,,4.6,0,0,0.2,,,,,,,,,,,,4.8,4.8,0,0.2,,0,0,,0,0,,,0,0,0,0,113,0,103,,0.004,,28.8,0,0,10,0.003,0,3.1,0,85,154,2.2,36,29,0,0.39,47,0,39,0,39,54,,,,0.052,0.155,0,0.62,0.62,0.29,0.02,3.9,0.5,0,0,0,0,0,0.1,0,0,0,0.1,0,,0,,0,,0,,0,3.1,0.09,2.7,0.08,1.3,0.04,3,0.09,,,3.6,0.11,,,11.9,0.36,1.3,0.04,33.4,1.01,0.8,0.02,12.1,0.36,,,0.2,0.01,,,0,0,,,0,0,73.44,2.22,,,1,0.03,,,2,0.06,0,0,20.3,0.61,0,0,0,0,0,0,23.28,0.7,,,,,1.8,0.05,0.7,0.02,,,0,0,,,,,0,0,0,0,0,0,,,0.1,3.12,0,0,0,0,0,0,0,0,,,0,0,,,2.58,0.08,0,0,,,0.2,6.23,0,11,75,37,,,,,,,,,,,,,,,,,,,,,,,,,,,,,,,,,,
F005598,19103,"Milk, cow, fluid, lactose free, reduced fat (1% fat)",191,191,93.4,3.5,0.55,1.2,0.7,0.1,0,0,2.4,0,0,0,2.6,,5,0,0,0.2,,,,,,,,,,,,5.2,5.2,0,0.2,,0,0,,0,0,,,0,,0,0,122,0,,,0.004,,29.1,0,0,10,0.003,,3.1,,86,156,2.2,43,,,0.4,15,0,40,0,40,22,,,,0.052,0.156,0,0.68,0.68,0.29,0.02,,0.5,0,0,0,0,0,0.1,0,0,0,0.1,0,,0,,0,,0,,0,3.1,0.04,2.7,0.03,1.4,0.02,3,0.03,,,3.6,0.04,,,12.1,0.14,1.4,0.02,33.7,0.38,0.8,0.01,12.2,0.14,,,0.2,0,,,0,0,,,0,0,74.15,0.84,,,1,0.01,,,2,0.02,0,0,20.5,0.23,0,0,0,0,0,0,23.5,0.27,,,,,1.8,0.02,0.7,0.01,,,0,0,,,,,0,0,0,0,0,0,,,0.1,1.18,0,0,0,0,0,0,0,0,,,0,0,,,2.6,0.03,0,0,,,0.2,2.36,0,5,76,40,,,,,,,,,,,,,,,,,,,,,,,,,,,,,,,,,,
F005581,19106,"Milk, cow, canned, evaporated, regular",638,638,77.8,8.3,1.3,8.8,1.8,0,0,0,0,0,0,10.7,,,10.7,0,0,0,,,,,,,,,,,,10.7,10.7,,,,,,,,,,,,,,,276,,,,0.011,,57.2,0.16,,25,0.005,,,,267,368,6.5,113,,,0.86,80,0,48,0,48,88,,,,0.07,0.545,0.16,1.76,1.92,1.08,0,,0.2,0,0,0,0,1,0.1,0,0,0,0.06,0,,0,,,,,,0,3.9,0.3,2.5,0.19,1.3,0.1,2.9,0.22,,,3.4,0.26,0.1,0,11.5,0.88,1.2,0.09,33.3,2.57,0.8,0.06,12.1,0.93,0.1,0.01,0.2,0.02,,,0.1,0.01,,,0,0,73.3,5.64,,,1,0.08,0,0,1.7,0.13,0.4,0.03,25.3,1.95,0.3,0.02,0,0,,,28.58,2.2,,,,,2.3,0.18,0.8,0.06,,,,,,,0.7,52.68,,,,,,,,,,,0.1,5.55,,,,,0.1,8.32,,,0,0,,,4.03,0.31,0.18,13.864,0,0,2.1,163.86,0,26,86,104,,,,,,,,,,,,,,,,,,,,,,,,,,,,,,,,,,
F005580,19106,"Milk, cow, canned, evaporated, reduced fat (approximately 2% fat)",412,412,84.1,8.5,1.33,2.3,1.9,0,0,0,0,0,0,11.4,,,11.4,0,0,0,,,,,,,,,,,,11.4,11.4,,,,,,,,,,,,,,,288,,,,0.005,,57.2,0.32,,27,0.005,,,,264,376,6.5,113,,,0.97,17,0,9,0,9,19,,,,0.081,0.599,0.11,1.81,1.92,1.08,0,,0.2,0,0,0,0,0,0.1,0,0,0,0.06,0,,0,,,,,,0,3.9,0.08,2.5,0.05,1.3,0.03,2.9,0.06,,,3.4,0.07,0.1,0,11.5,0.23,1.2,0.02,33.3,0.66,0.8,0.02,12.1,0.24,0.1,0,0.2,0,,,0.1,0,,,0,0,73.3,1.46,,,1,0.02,0,0,1.7,0.04,0.4,0.01,25.3,0.5,0.3,0,0,0,,,28.58,0.57,,,,,2.3,0.05,0.8,0.02,,,,,,,0.7,13.58,,,,,,,,,,,0.1,1.43,,,,,0.1,2.14,,,0,0,,,4.03,0.08,0.18,3.573,0,0,2.1,42.22,0,11,86,107,,,,,,,,,,,,,,,,,,,,,,,,,,,,,,,,,,
F005582,19106,"Milk, cow, canned, sweetened, condensed, regular",1756,1756,33.2,10.7,1.68,11.9,2.5,0,0,0.3,0.4,55.6,0,14.7,,,71,59.1,59.1,0,,,,,,,,,,,,71,71,,,,,,,,,,,,,,,346,,,,0.013,,46.4,0.19,,32,0.006,,,,329,461,10.3,136,,,1.16,90,0,59,0,59,100,,,,0.103,0.78,0.39,2.28,2.67,2.58,0,,0.6,0,0,0,0,1,0.1,0,0,0,0.08,0.3,,0,,,,,,0.26,4.6,0.4,3.2,0.28,1.9,0.17,4,0.35,,,4.4,0.38,,,14.1,1.22,1.7,0.15,35.3,3.07,0.9,0.08,17.8,1.55,,,1.5,0.13,,,,,,,,,89.53,7.78,,,,,,,,,,,,,,,,,,,32.3,2.81,,,,,2.1,0.18,1,0.09,,,,,,,,,,,,,,,,,,,0,0,,,,,0.1,8.41,,,0,0,,,3.22,0.28,0.097,8.412,,,4.5,392.53,0,40,103,134,,,,,,,,,,,,,,,,,,,,,,,,,,,,,,,,,,
F005647,32102,"Milk, human/breast, mature, fluid",298,298,91,1.4,0.21,4.4,0.2,0,0,,,,,,,,7.1,0,0,0,,,,,,,,,,,,7.1,7.1,,,,,,,,,,,,,,,33,,,,,,3.1,0.03,,3,,,,,15,53,1.9,18,,,0.18,62,,7,,7,64,,,,0.015,0.037,0.18,0.38,0.56,,0.01,,0.1,5,0,5,5,5,0.1,0,0,0,0.1,0.1,,,,,,,,0.08,,,,,,,1.2,0.05,,,5.5,0.22,,,7.6,0.3,0.5,0.02,25.4,1.01,0.4,0.02,8.3,0.33,,,0.7,0.03,,,0.1,0,,,0.1,0,49.81,1.98,,,0.4,0.02,,,2.7,0.11,,,32.7,1.3,0.3,0.01,0,0,,,36.12,1.43,,,,,9.8,0.39,0.8,0.03,,,0.2,5.98,,,,,0.1,4.38,,,0.3,11.06,,,0.4,15.27,0.1,3.1,,,0.1,3.14,0.2,7.1,,,0.2,7.97,,,12.01,0.48,0.458,18.163,,,2.6,103.19,0,15,110,22,,,,,,,,,,,,,,,,,,,,,,,,,,,,,,,,,,
F003442,19602,"Custard, vanilla, regular fat",439,439,87.2,3.7,0.58,3.3,0.8,0,0,0,0,8.1,0.6,4.4,0,,13,4.5,4.5,2.6,,,,,,,,,,,,15.6,15.6,,,,,,,,,,,,,,,134,,,,0.011,,14.6,0.06,,12,0.006,,,,134,185,1.1,68,,,0.44,6,0,17,0,17,8,,,,0.056,0.235,0,0.71,0.71,,0.01,,0.2,2,0,2,2,0,0.1,0,0,0,0.09,0,,,,,,,,0.03,4,0.11,2.8,0.08,1.7,0.05,3.5,0.1,,,3.8,0.11,,,12.2,0.34,1.5,0.04,30.7,0.87,0.8,0.02,15.5,0.44,,,1.3,0.04,,,,,,,,,77.73,2.2,,,,,,,,,,,,,,,,,,,28.05,0.79,,,,,1.8,0.05,0.9,0.03,,,,,,,,,,,,,,,,,,,0,0,,,,,0.1,2.37,,,0,0,,,2.8,0.08,0.084,2.373,,,3.9,110.76,0,12,81,42,,,,,,,,,,,,,,,,,,,,,,,,,,,,,,,,,,
F003441,19602,"Custard, vanilla, prepared from dry mix",494,494,88.1,4.1,0.65,4.2,0.9,0,0,,,,,,,,11.5,4.3,4.3,4.8,,,,,,,,,,,,16.3,16.3,,,,,,,,,,,,,,,127,,,,,,25.7,0.08,,12,,,,,110,170,1.5,66,,,0.42,59,,21,,21,63,,,,0.007,0.244,0.26,0.85,1.11,,0.06,,0.4,13,0,13,13,0,0.1,0,0,0,0.06,0.1,,,,,,,,0.11,,,,,,,,,,,,,,,,,,,,,,,,,,,,,,,,,,,,,,2.67,,,,,,,,,,,,,,,,,,,,1.08,,,,,,0.09,,0.02,,,,,,,,,,,,,,,,,,,,0.09,,,,,,2.95,,,,0,,,,0.12,,3.045,,,,137.74,0,13,,50,,,,,,,,,,,,,,,,,,,,,,,,,,,,,,,,,,
F003488,19701,"Dairy or yoghurt dessert, chocolate, regular fat",555,543,75.7,5.3,0.83,3.8,1,1.5,0,0,0,11.4,0,4.9,0,,16.3,11.3,11.3,2.1,,,,,,,,,,,,18.4,18.4,0.2,0,,0.7,0,,0,0,,,,,,,125,,,,0.06,,13.5,0.55,,17,0.064,,,,125,239,1.3,61,,,0.5,5,,16,,16,8,,,,0,0.229,0,1.09,1.09,,0,,0,0,0,0,0,0,0,0,0,0,0,0.1,,,,,,,,0.07,3,0.1,2.2,0.08,1.4,0.05,2.5,0.09,,,2.9,0.1,,,10.5,0.37,1.1,0.04,29,1.02,0.7,0.02,14.6,0.51,,,1.7,0.06,,,,,,,,,69.58,2.43,,,,,,,,,,,,,,,,,,,28.52,1,,,,,2.1,0.07,0.6,0.02,,,,,,,,,,,,,,,,,,,0,0,,,,,0.1,5,,,0,0,,,2.78,0.1,0.144,5,,,3.6,127.27,2,11,80,64,,,,,,,,,,,,,,,,,,,,,,,,,,,,,,,,,,
F009694,19201,"Yoghurt, natural, regular fat (3% fat)",318,317,84.7,5.3,0.83,3.3,1.1,0.1,0,0,0,0,0,5.1,0,,5.1,0,0,0.1,,,,,,,,,,,,5.2,5.2,0,0.2,,1.2,0,,,0,,,0,,0,0,182,0,,,0.006,,25,0,0,16,0.004,,5.6,,156,239,2.5,60,,,0.59,47,0,30,0,30,52,,,,0.021,0.229,0,1.19,1.19,0.37,0.03,,0.5,26,0,26,26,0,0,0,0,0,0,0,,0,,0,,0,,0,2.5,0.08,2.1,0.06,1.2,0.04,3.1,0.1,,,4,0.12,,,12.8,0.39,1.5,0.04,34.6,1.05,0.8,0.02,12,0.36,,,0.2,0.01,,,0,0,,,0,0,74.78,2.26,,,1,0.03,,,2.1,0.06,0,0,20.6,0.62,0,0,0,0,0,0,23.71,0.72,,,,,2,0.06,0.8,0.02,,,0,0,,,,,0,0,0,0,0,0,,,0,0,0,0,0,0,0,0,0,0,,,0,0,,,2.81,0.08,0,0,,,2.1,62.9,0,16,87,70,,,,,,,,,,,,,,,,,,,,,,,,,,,,,,,,,,
F009608,19205,"Yoghurt, apricot pieces or flavoured, regular fat (3% fat)",402,401,80.5,4.4,0.69,3.3,1,0.1,0,0,0.7,7,0,3.8,0,,11.5,6.6,6.6,0,,,,,,,,,,,,11.5,11.5,,,,1.4,,,,,,,,,0,0,114,0.9,,,0,,17.4,0.19,0,15,0.01,0,5.7,1,114,229,1.5,68,,,0.53,27,0,68,0,68,38,,,,0.094,0.229,0,0.9,0.9,,0.03,,0.4,7,0,7,7,0,0,0,0,0,0,0,,,,,,,,0,4.4,0.13,2.6,0.08,1.4,0.04,3.1,0.09,,,3.6,0.11,0.1,0,11.6,0.35,1.2,0.04,32.2,0.96,0.7,0.02,9.7,0.29,0.1,0,0.2,0.01,,,0.1,0,,,0,0,71,2.11,,,1.2,0.04,0,0,1.8,0.05,0.3,0.01,22.9,0.68,0.2,0.01,0,0,,,26.48,0.79,,,,,2.2,0.07,1,0.03,,,,,,,0.9,26.84,,,,,,,,,,,0.1,3.1,,,,,0.1,3.1,,,0,0,,,4.33,0.13,0.208,6.194,0,0,2.1,61.95,0,8,80,53,,,,,,,,,,,,,,,,,,,,,,,,,,,,,,,,,,
F009741,19205,"Yoghurt, strawberry pieces or flavoured, regular fat (3% fat)",417,416,80.4,4.8,0.76,3.2,1,0.1,0,0.4,0.7,6.2,0,4.1,0.6,,12.1,7.3,7.3,0,,,,,,,,,,,,12.1,12.1,,,,1.4,,,,,,,,0,0.3,0,165,0.4,,,0.008,,20.4,0.12,0,16,0.036,0,5.7,1,130,222,1.2,63,,0.5,0.5,29,0,13,0,13,31,,,,0.062,0.281,0.31,0.99,1.3,,0.03,,0.4,7,0,7,7,0,0,0,0,0,0,0,,,,,,,,0,4.4,0.13,2.6,0.08,1.4,0.04,3.1,0.09,,,3.6,0.11,0.1,0,11.6,0.34,1.2,0.03,32.2,0.94,0.7,0.02,9.7,0.29,0.1,0,0.2,0.01,,,0.1,0,,,0,0,71,2.08,,,1.2,0.04,0,0,1.8,0.05,0.3,0.01,22.9,0.67,0.2,0.01,0,0,,,26.48,0.78,,,,,2.2,0.07,1,0.03,,,,,,,0.9,26.42,,,,,,,,,,,0.1,3.05,,,,,0.1,3.05,,,0,0,,,4.33,0.13,0.208,6.096,0,0,2.1,60.96,0,10,80,58,,,,,,,,,,,,,,,,,,,,,,,,,,,,,,,,,,
F009749,19205,"Yoghurt, vanilla flavoured, (2% fat)",425,423,79.5,5.2,0.82,2,1,0.2,0,0.5,0,7.4,0,4.6,1.5,,14,7.3,7.3,1,,,,,,,,,,,,15,15,0,0.3,,1.1,0,,,0,,,0,,0,0,177,0,,,0.007,,26,0,0,16,0.005,,4.4,,135,239,2.2,54,,,0.59,29,0,60,0,60,39,,,,0.052,0.208,0,1.07,1.07,0.29,0.03,,0.4,7,0,7,7,0,0,0,0,0,0,0,,0,,0,,0,,0,2.8,0.05,2.5,0.04,1.5,0.03,3.2,0.06,,,3.7,0.07,,,12.4,0.22,1.4,0.02,34.6,0.62,0.8,0.02,10.9,0.2,,,0.2,0,,,0,0,,,0,0,74.05,1.33,,,1.1,0.02,,,2.2,0.04,0,0,19.3,0.35,0,0,0,0,0,0,22.67,0.41,,,,,1.9,0.03,1.5,0.03,,,0,0,,,,,0,0,0,0,0,0,,,0,0,0,0,0,0,0,0,0.1,1.87,,,0,0,,,3.43,0.06,0.104,1.868,,,0.2,3.74,0,9,80,63,,,,,,,,,,,,,,,,,,,,,,,,,,,,,,,,,,
F009752,19208,"Yoghurt, vanilla flavoured, low fat (?0.5% fat)",382,380,82.2,6.1,0.95,0.5,1,0.2,0,1.1,1.9,5.2,0,3.4,1.6,,13.2,7.4,7.4,1.2,,,,,,,,,,,,14.5,14.5,,,,1.7,,,,,,,,,,,174,,,,0.01,,17.7,0.1,,18,0.01,,,,152,251,2.2,69,,,0.73,0,,0,,0,0,,,,0.031,0.416,0.62,1.24,1.86,,0.03,,0.4,7,0,7,7,0,0,0,0,0,0,0,,,,,,,,0,2.8,0.01,2.5,0.01,1.5,0.01,3.2,0.02,,,3.7,0.02,,,12.4,0.06,1.4,0.01,34.6,0.16,0.8,0,10.9,0.05,,,0.2,0,,,0,0,,,0,0,74.05,0.35,,,1.1,0,,,2.2,0.01,0,0,19.3,0.09,0,0,0,0,0,0,22.67,0.11,,,,,1.9,0.01,1.5,0.01,,,0,0,,,,,0,0,0,0,0,0,,,0,0,0.1,0.24,0,0,0,0,0.1,0.49,,,0,0,,,3.48,0.02,0.156,0.737,,,0.2,0.98,0,6,80,73,,,,,,,,,,,,,,,,,,,,,,,,,,,,,,,,,,
F006132,20106,"Oat beverage, fluid, unfortified",236,233,90.9,1.4,0.23,0.8,0.4,0.3,0,0,1.6,0,1.7,0,,,3.3,0,0,7.5,,,,,,,,,,,,10.7,10.7,,,,,,,,,,,0,,0,0,19,0,,,0.044,,1.3,0,0,7,0.179,,10.4,,27,49,0,40,,,0.08,0,0,0,0,0,0,,,,0.074,0,0,0.27,0.27,0,0,,0,0,0,0,0,0,0,0,0,0,0,0,,0,,0,,0,,0,0,0,0,0,0.1,0,0.2,0,,,1.6,0.01,,,0.8,0.01,0,0,16.7,0.13,0,0,2.5,0.02,,,0.2,0,,,0.2,0,,,0.2,0,22.58,0.17,,,0,0,,,0,0,0,0,48.1,0.36,0.7,0,0,0,0.1,0,48.93,0.37,,,,,31.3,0.24,0.8,0.01,,,0,0,,,,,0,0,0,0,0,0,,,0,0,0,0,0,0,0,0,0,0,,,0,0,,,32.13,0.24,0,0,,,0,0,0,0,71,16,,,,,,,,,,,,,,,,,,,,,,,,,,,,,,,,,,
F006131,20106,"Oat beverage, fluid, added calcium",236,233,90.9,1.4,0.23,0.8,0.4,0.3,0,0,1.6,0,1.7,0,,,3.3,0,0,7.5,,,,,,,,,,,,10.7,10.7,,,,,,,,,,,0,,0,0,116,0,,,0.044,,1.3,0,0,7,0.179,,10.4,,87,49,0,40,,,0.08,0,0,0,0,0,0,,,,0.074,0,0,0.27,0.27,0,0,,0,0,0,0,0,0,0,0,0,0,0,0,,0,,0,,0,,0,0,0,0,0,0.1,0,0.2,0,,,1.6,0.01,,,0.8,0.01,0,0,16.7,0.13,0,0,2.5,0.02,,,0.2,0,,,0.2,0,,,0.2,0,22.58,0.17,,,0,0,,,0,0,0,0,48.1,0.36,0.7,0,0,0,0.1,0,48.93,0.37,,,,,31.3,0.24,0.8,0.01,,,0,0,,,,,0,0,0,0,0,0,,,0,0,0,0,0,0,0,0,0,0,,,0,0,,,32.13,0.24,0,0,,,0,0,0,0,71,16,,,,,,,,,,,,,,,,,,,,,,,,,,,,,,,,,,
F007632,20106,"Rice beverage, fluid, added calcium",268,268,91.7,0.3,0.05,1,0.4,0,0,0,0.5,0,3.4,0,,,3.9,0,0,9.4,,,,,,,,,,,,13.4,13.4,0,0,,0,0,,,0,,,68.2,,2,0,74,,,,0.011,,5.4,0.21,,10,0.091,,,,19,23,0,65,,,0.07,0,0,0,,0,0,,,,0.021,0,0,0.11,0.11,0,0,,0,0,0,0,0,0,0,0,0,0,0,0.3,,0,,0,,0,,0.32,0,0,0,0,0,0,0,0,,,0,0,,,0,0,0,0,11.6,0.11,0,0,4.3,0.04,,,1,0.01,,,1.3,0.01,,,0,0,18.16,0.17,,,0,0,,,0,0,0,0,51.6,0.49,0,0,0,0,0,0,51.56,0.49,,,,,33.5,0.32,0.9,0.01,,,0,0,,,,,0,0,0,0,0,0,,,0,0,0,0,0,0,0,0,0,0,,,0,0,,,34.44,0.33,0,0,,,2.4,22.59,0,0,131,7,,,,,,,,,,,,,,,,,,,,,,,,,,,,,,,,,,
F008721,20101,"Soy beverage, regular fat (3% fat), unfortified",253,248,90,3.8,0.67,2.8,0.6,0.6,0,0,0.1,1.3,1.3,0,,,2.7,1.8,1.8,0.8,,,,,,,,0.9,0.3,,,4.8,4.8,0,0.1,,0,0,,,0,,,77.2,,0.4,0.4,13,0.5,84,,0.07,35.02,1.4,0.48,0.5,22,0.09,0.5,4.2,20,71,197,0.7,45,23,,0.16,7,0,0,0,0,7,,,,0.021,0.031,0,0.74,0.74,0,0.03,2.3,0,14,0,14,14,0,0,0,0,0,0,1.1,,0,,0,,0.2,,1.15,0,0,0,0,0,0,0,0,,,0,0,,,0.2,0,0,0,9.9,0.24,0,0,6.9,0.17,,,0,0,,,0.6,0.02,,,0.3,0.01,17.92,0.44,,,0,0,,,0.1,0,0,0,22.9,0.57,0.1,0,0,0,0,0,23.07,0.57,,,,,60.2,1.5,1.6,0.04,,,0,0,,,,,0,0,0,0,0,0,,,0,0,0,0,0,0,0,0,0,0,,,0,0,,,61.8,1.54,0,0,,,0.9,23.03,0,0,67,44,,,,,,,,,,,,,,,,,,,,,,,,,,,,,,,,,,
F008719,20102,"Soy beverage, regular fat (3% fat), added Ca",253,248,90,3.8,0.67,2.8,0.6,0.6,0,0,0.1,1.3,1.3,0,,,2.7,1.8,1.8,0.8,,,,,,,,0.9,0.3,,,4.8,4.8,0,0.1,,0,0,,,0,,,77.2,,0.4,0.4,118,0.5,84,,0.07,35.02,1.4,0.48,0.5,22,0.09,0.5,4.2,20,71,197,0.7,45,23,,0.16,7,0,0,0,0,7,,,,0.021,0.031,0,0.74,0.74,0,0.03,2.3,0,14,0,14,14,0,0,0,0,0,0,1.1,,0,,0,,0.2,,1.15,0,0,0,0,0,0,0,0,,,0,0,,,0.2,0,0,0,9.9,0.24,0,0,6.9,0.17,,,0,0,,,0.6,0.02,,,0.3,0.01,17.92,0.44,,,0,0,,,0.1,0,0,0,22.9,0.57,0.1,0,0,0,0,0,23.07,0.57,,,,,60.2,1.5,1.6,0.04,,,0,0,,,,,0,0,0,0,0,0,,,0,0,0,0,0,0,0,0,0,0,,,0,0,,,61.8,1.54,0,0,,,0.9,23.03,0,0,67,44,,,,,,,,,,,,,,,,,,,,,,,,,,,,,,,,,,
F008720,20102,"Soy beverage, regular fat (3% fat), added Ca & vitamins A, B1, B2 & B12",259,254,90,4.2,0.73,2.8,0.6,0.6,0,0,0.1,1.3,1.3,0,,,2.7,1.8,1.8,0.8,,,,,,,,0.9,0.3,,,4.8,4.8,0,0.1,,0,0,,,0,,,77.2,,0.4,0.4,118,0.5,84,,0.07,35.02,1.4,0.48,0.5,22,0.09,0.5,4.2,20,71,197,0.7,45,23,,0.16,82,0,0,0,0,82,,,,0.041,0.422,0,0.81,0.81,0,0,2.3,0.9,14,0,14,14,0,0,0,0,0,0,1.1,,0,,0,,0.2,,1.15,0,0,0,0,0,0,0,0,,,0,0,,,0.2,0,0,0,9.9,0.24,0,0,6.9,0.17,,,0,0,,,0.6,0.02,,,0.3,0.01,17.92,0.44,,,0,0,,,0.1,0,0,0,22.9,0.57,0.1,0,0,0,0,0,23.07,0.57,,,,,60.2,1.5,1.6,0.04,,,0,0,,,,,0,0,0,0,0,0,,,0,0,0,0,0,0,0,0,0,0,,,0,0,,,61.8,1.54,0,0,,,0.9,23.03,0,0,67,48,,,,,,,,,,,,,,,,,,,,,,,,,,,,,,,,,,
F008704,20104,"Soy beverage, reduced fat (1% fat), added Ca & vitamins A, B1, B2 & B12",193,188,90.8,3.1,0.55,0.9,0.9,0.6,0,0,0,1.8,0,0,0,,1.8,1.1,1.1,2.9,,,,,,,,0.9,0.3,,,5.9,5.9,0,0.1,,0,0,,,0,,,74.8,,0.5,0.5,118,0.6,84,,0.065,,1.4,0.48,0.5,13,0.084,0.5,4.2,20,73,195,0.7,46,,,0.14,82,0,0,,0,82,,,,0.041,0.422,0,0.61,0.61,0,0.03,,0.9,14,0,14,14,0,0,0,0,0,0,1.1,,0,,0,,0.2,,1.15,0,0,0,0,0,0,0,0,,,0,0,,,0.2,0,0,0,9.9,0.08,0,0,6.9,0.06,,,0,0,,,0.6,0,,,0.3,0,17.92,0.15,,,0,0,,,0.1,0,0,0,22.9,0.19,0.1,0,0,0,0,0,23.07,0.19,,,,,60.2,0.5,1.6,0.01,,,0,0,,,,,0,0,0,0,0,0,,,0,0,0,0,0,0,0,0,0,0,,,0,0,,,61.8,0.51,0,0,,,0.9,7.68,0,0,67,36,,,,,,,,,,,,,,,,,,,,,,,,,,,,,,,,,,
F009738,20501,"Yoghurt, soy based, berry flavoured, regular fat (3% fat)",433,431,82.7,3.8,0.67,3.8,0.7,0.2,0,0.4,1.7,6.7,0,0,,,8.7,7.7,7.7,4.4,,,,,,,,,,,,13.1,13.1,0,0,,0.6,0,,0,0,,0,114.4,,,0,125,2.4,,,0.085,,2.4,0.61,,7,0.09,,5.2,,135,57,0,57,27,,0.16,0,0,0,,0,0,,,,0,0,0,0.87,0.87,0,0,,0,78,0,78,78,0,0,0,0,0,0,0,,0,,0.2,,0.5,,0.05,0,0,0,0,0.3,0.01,0.6,0.02,,,0.5,0.02,,,0.3,0.01,0,0,8.5,0.29,0,0,3.5,0.12,,,0.6,0.02,,,0.4,0.02,,,0,0,14.87,0.5,,,0,0,,,0,0,0,0,45.9,1.56,0.6,0.02,0,0,0,0,46.49,1.58,,,,,33.1,1.12,9.6,0.33,,,0,0,,,,,0,0,0,0,0,0,,,0,0,0,0,0,0,0,0,0,0,,,0,0,,,42.64,1.45,0,0,,,0,0,0,0,80,51,,,,,,,,,,,,,,,,,,,,,,,,,,,,,,,,,,
F009739,20502,"Yoghurt, soy based, vanilla flavoured, reduced fat (1% fat)",321,320,84,3.8,0.67,0.8,0.7,0.2,0,0.4,1.7,6.7,0,0,,,8.7,8.1,8.1,4.4,,,,,,,,,,,,13.1,13.1,0,0,,0.6,0,,0,0,,0,114.4,,,0,125,2.4,,,0.085,,2.4,0.61,,7,0.09,,5.2,,135,57,0,57,27,,0.16,0,0,0,,0,0,,,,0,0,0,0.87,0.87,0,0,,0,78,0,78,78,0,0,0,0,0,0,0,,0,,0.2,,0.5,,0.05,0,0,0,0,0.3,0,0.6,0,,,0.5,0,,,0.3,0,0,0,8.5,0.06,0,0,3.5,0.03,,,0.6,0,,,0.4,0,,,0,0,14.87,0.11,,,0,0,,,0,0,0,0,45.9,0.34,0.6,0,0,0,0,0,46.49,0.34,,,,,33.1,0.24,9.6,0.07,,,0,0,,,,,0,0,0,0,0,0,,,0,0,0,0,0,0,0,0,0,0,,,0,0,,,42.64,0.31,0,0,,,0,0,0,0,80,51,,,,,,,,,,,,,,,,,,,,,,,,,,,,,,,,,,
F006154,14402,"Oil, almond",3404,3404,0,0,0,92,0,0,0,,,,,,,,0,0,0,0,,,,,,,,,,,,0,0,,,,,,,,,,,,,,,0,,,,,,0,0,,0,,,,,0,0,0,0,,,0,0,,0,,0,0,,,,0,0,0,0,0,,0,,0,0,0,0,0,0,0,0,0,0,0,24.5,,,,,,,,24.47,,,,,,,0,0,,,0,0,,,0,0,0,0,5.5,5.28,0.1,0.09,0.1,0.09,,,0,0,,,0,0,,,0.1,0.09,5.8,5.54,,,,,0,0,0.3,0.26,0,0,62.3,59.54,0.1,0.09,0.1,0.09,,,62.74,59.98,,,,,23.4,22.34,0,0,,,,,,,,,,,0,0,,,,,0,0,0,0,,,,,0,0,,,0,0,,,23.37,22.34,0,0,,,1.7,1605.12,0,0,0,0,,,,,,,,,,,,,,,,,,,,,,,,,,,,,,,,,,
F006155,14402,"Oil, blend of monounsaturated vegetable oils",3404,3404,0,0,0,92,0,0,0,0,0,0,0,0,0,,0,0,0,0,,,,,,,,,,,,0,0,,,,,,,,,,,,,,,0,,,,,,0,0.01,,0,,,,,0,0,0,0,,,0.01,0,,0,,0,0,,,,0,0,0,0,0,,0,,0,0,0,0,0,0,0,0,0,0,0,12.9,,,,,,,,12.88,0,0,0,0,0,0,0,0,,,0,0,0,0,0,0,0,0,4.1,3.96,0,0.04,1.7,1.63,0,0,0.5,0.44,,,0.2,0.18,,,0.1,0.09,6.62,6.33,,,0,0,0,0,0.2,0.18,0,0.04,54.3,51.94,1,0.92,0,0,0.2,0.18,55.71,53.26,,,,,18.8,17.99,9.5,9.1,,,0,0,,,0,43.98,0,0,0,0,0,0,,,0,0,0,0,,,0,0,0,0,,,0,0,,,28.38,27.13,0,0,,,1.3,1231.33,0,0,0,0,,,,,,,,,,,,,,,,,,,,,,,,,,,,,,,,,,
F006156,14401,"Oil, blend of polyunsaturated vegetable oils",3404,3404,0,0,0,92,0,0,0,0,0,0,0,0,0,,0,0,0,0,,,,,,,,,,,,0,0,,,,,,,,,,,,0,0.8,0,0,,4,,0.006,0,0,0.01,0,0,0,0,,,0,0,0,0,0,0,0.01,0,0,0,0,0,0,,,,0,0,0,0,0,0,0,0,0,0,0,0,0,0,0,0,0,0,0,12.9,,,,25.8,,47.8,,17.66,0,0,0,0,0,0,0,0,,,0,0,0,0,0,0.04,0,0,8.9,8.53,0,0.04,3.8,3.61,0,0,0.4,0.35,,,0.4,0.35,,,0.1,0.09,13.62,13.02,,,0,0,0,0,0.1,0.09,0,0.04,25.5,24.36,0.4,0.35,0.1,0.09,0,0,26.08,24.94,,,,,44.4,42.44,5.8,5.5,,,0.1,131.93,,,0.3,263.86,0,0,0,0,0,0,,,0,0,0,0,0,0,0,0,0,0,,,0,0,,,50.55,48.33,0,0,,,2.9,2726.51,0,0,0,0,,,,,,,,,,,,,,,,,,,,,,,,,,,,,,,,,,
F006159,14402,"Oil, canola",3404,3404,0,0,0,92,0,0,0,0,0,0,0,0,0,,0,0,0,0,,,,,,,,,,,,0,0,,,,,,,,,,,62.6,,0,0,1,6.9,4,,0,8.28,0,0,0,0,0,0,0,5,0,0,0,0,2,,0.04,0,0,0,0,0,0,,,,0,0,0,0,0,0,0,0,0,0,0,0,0,0,0,0,0,0,0,16.2,,9.4,,0.3,,32,,24.13,0,0,0,0,0,0.02,0,0,0,0,0.1,0.14,0,0,0.2,0.19,0,0,4.1,3.9,0,0,1.9,1.81,,,0.4,0.43,0,0,0.2,0.16,0,0,0.1,0.07,7.02,6.71,,,0.1,0.06,0,0,0.1,0.12,0,0.02,55.8,53.32,0.9,0.9,0,0,0.2,0.2,57.12,54.61,,,,,18.4,17.61,8.8,8.37,,,0.2,236.74,,,,,0,0,0,0,0,0,,,0,0,0,0,0,0,0,0,0,0,,,0,0,,,27.42,26.22,0,0,,,0,26.39,0,0,0,0,,,,,,,,,,,,,,,,,,,,,,,,,,,,,,,,,,
F006166,14401,"Oil, cottonseed",3404,3404,0,0,0,92,0,0,0,,,,,,,,0,0,0,0,,,,,,,,,,,,0,0,,,,,,,,,,,,,,,0,,,,,,0,0,,0,,,,,0,0,0,0,,,0,0,0,0,,0,0,,,,0,0,0,0,0,,0,,0,0,0,0,0,0,0,0,0,0,0,32.5,,,,,,,,32.48,,,,,,,,,,,,,,,,,,,,,,,,,,,,,,,,,,,,,24.92,23.83,,,,,,,,,,,,,,,,,,,17.13,16.38,,,,,49.6,47.38,0.2,0.18,,,,,,,,,,,,,,,,,,,0,0,,,,,0,0,,,0,0,0.1,0.09,49.85,47.66,0,0,,,1.3,1231.33,0,0,0,0,,,,,,,,,,,,,,,,,,,,,,,,,,,,,,,,,,
F006165,14502,"Oil, copha",3404,3404,0,0.2,0.03,91.9,0,0,0,0,0,0,0,0,0,,0,0,0,0,,,,,,,,,,,,0,0,,,,,,,,,,,,,,,0,,0,,0,0.02,0,0,,0,0,,,,0,1,0,1,0,,0,0,0,0,0,0,0,,,,0,0,0.24,0,0.24,0,0,0,0,0,0,0,0,0,0,0,0,0,0,0,,,,,,,,0,,,0.6,0.61,7.4,6.93,5.8,5.46,,,43.4,40.86,,,15.7,14.8,0,0,8.4,7.88,0,0,9,8.48,,,0,0,,,0,0,,,0,0,90.34,85.02,,,0,0,0,0,0,0,0,0,1.4,1.3,0,0,0,0,,,1.38,1.3,,,,,0.3,0.26,0,0,,,,,,,,,,,0,0,,,,,0,0,0,0,,,,,0,0,,,0,0,,,0.28,0.26,0,0,,,0,25.97,0,0,0,0,,,,,,,,,,,,,,,,,,,,,,,,,,,,,,,,,,
F006167,14401,"Oil, grapeseed",3404,3404,0,0,0,92,0,0,0,,,0,,,,,0,0,0,0,,,,,,,,,,,,0,0,,,,,,,,,,,,,,,0,,,,,,0,0,,0,,,,,0,0,0,0,,,0.01,0,,0,,0,0,,,,0,0,0,0,0,,0,,0,0,0,0,0,0,0,0,0,0,0,2.1,,,,,,,,2.12,0,0,0,0,0,0,0,0,,,0,0,,,0,0,0,0,7,6.68,0,0,3.8,3.61,,,0.1,0.09,,,0.1,0.09,,,0,0,10.95,10.47,,,0,0,,,0.1,0.09,,,19,18.21,0.1,0.09,0,0,0,0,19.23,18.38,,,,,61.4,58.66,0.3,0.26,,,0,0,,,,,0,0,0,0,0,0,,,0,0,0,0,,,0,0,0,0,,,0,0,,,61.64,58.93,0,0,,,2.1,1978.92,0,0,0,0,,,,,,,,,,,,,,,,,,,,,,,,,,,,,,,,,,
F006168,14401,"Oil, linseed or flaxseed",3403,3403,0.1,0,0,92,0,0,0,,,,,,,,0,0,0,0,,,,,,,,,,,,0,0,,,,,,,,,,,,,,,1,,,,,,0,0,,0,,,,,1,0,0,0,,,0.06,0,0,0,,0,0,,,,0,0,0,0,0,,0,,0,0,0,0,0,0,0,0,0,0,0,0.4,,0.5,,1.5,,26.5,,3.33,,,,,,,,,,,,,,,,,,,,,,,,,,,,,,,,,,,,,8.67,8.29,,,,,,,,,,,,,,,,,,,17.81,17.02,,,,,13.6,13.01,52.5,50.21,,,,,,,,,,,,,,,,,,,0,0,,,,,0,0,,,0,0,0.15,0.14,66.3,63.37,0,0,,,0.1,87.06,0,0,0,0,,,,,,,,,,,,,,,,,,,,,,,,,,,,,,,,,,
F006172,14402,"Oil, mustard seed",3404,3404,0,0,0,92,0,0,0,,,,,,,,0,0,0,0,,,,,,,,,,,,0,0,,,,,,,,,,,,,,,0,,,,,,0,0,,0,,,,,0,0,0,0,,,0,0,,0,,0,0,,,,0,0,0,0,0,,0,,0,0,0,0,0,0,0,0,0,0,0,12.9,,,,,,,,12.88,,,,,,,,,,,,,,,,,,,,,,,,,,,,,,,,,,,,,11.58,11.07,,,,,,,,,,,,,,,,,,,59.19,56.58,,,,,15.3,14.66,5.9,5.64,,,,,,,,,,,,,,,,,,,0,0,,,,,0,0,,,0,0,,,21.23,20.3,0,0,,,1.3,1231.33,0,0,0,0,,,,,,,,,,,,,,,,,,,,,,,,,,,,,,,,,,
F006169,14402,"Oil, macadamia",3404,3404,0,0,0,92,0,0,0,,,,,,,,0,0,0,0,,,,,,,,,,,,0,0,,,,,,,,,,,,,,,0,,,,,,0,0,,0,,,,,0,0,0,0,,,0,0,,0,,0,0,,,,0,0,0,0,0,,0,,0,0,0,0,0,0,0,0,0,0,0,12.9,,,,,,,,12.88,,,,,,,,,,,,,,,0.6,0.62,,,7.6,7.3,,,2.1,2.02,,,1.8,1.76,,,0.6,0.53,,,0.3,0.26,13.06,12.49,,,,,,,16,15.3,,,59.9,57.26,1.5,1.41,0.2,0.18,,,77.56,74.14,,,,,1.2,1.14,0,0,,,,,,,,,,,,,,,,,,,0,0,,,,,0,0,,,0,0,,,1.2,1.14,0,0,,,2.1,1978.92,0,0,0,0,,,,,,,,,,,,,,,,,,,,,,,,,,,,,,,,,,
F006177,14402,"Oil, olive",3399,3399,0,0,0,91.9,0,0,0,0,0,0,0,0,0,,0,0,0,0,,,,,,,,,,,,0,0,,,,,,,,,,,57.5,,0,0,0,8.3,0,,0,4.6,0,0,0,0,0,0,0,,1,0,0,0,2,,0.01,0,0,10,0,10,2,,,,0,0,0,0,0,0,0,0,0,0,0,0,0,0,0,0,0,0,0,15.6,,8.5,,0,,0.7,,19.96,0,0,0,0,0,0.01,0,0,0,0,0.1,0.06,0,0,0.1,0.07,0,0,11.5,10.93,0,0,2.9,2.73,,,0.4,0.39,0,0,0.1,0.06,0,0,0,0.01,14.96,14.28,,,0,0,0,0,1,0.93,0,0.03,66.3,63.32,0.2,0.18,0.1,0.07,0.1,0.07,67.66,64.59,,,,,8.3,7.9,0.5,0.49,,,0,0,,,,,0,0,0,0,0,0,,,0,0,0,0,0,0,0,0,0,0,,,0,0,,,8.79,8.39,0,0,,,0,0,0,0,0,0,,,,,,,,,,,,,,,,,,,,,,,,,,,,,,,,,,
F006181,14402,"Oil, palm",3404,3404,0,0,0,92,0,0,0,,,,,,,,0,0,0,0,,,,,,,,,,,,0,0,,,,,,,,,,,,,,,0,,,,,,0,0.01,,0,,,,,0,0,0,0,,,0,0,0,0,,0,0,,,,0,0,0,0,0,,0,,0,0,0,0,0,0,0,0,0,0,0,14.7,,,,,,,,14.66,,,,,,,,,,,,,,,,,,,,,,,,,,,,,,,,,,,,,47.44,45.36,,,,,,,,,,,,,,,,,,,35.61,34.04,,,,,8.8,8.37,0.2,0.18,,,,,,,,,,,,,,,,,,,0,0,,,,,0,0,,,0,0,,,8.95,8.56,0,0,,,1.4,1319.28,0,0,0,0,,,,,,,,,,,,,,,,,,,,,,,,,,,,,,,,,,
F006183,14402,"Oil, peanut",3404,3404,0,0,0,92,0,0,0,0,0,0,0,0,0,,0,0,0,0,,,,,,,,,,,,0,0,,,,,,,,,,,,,,,0,,0,,0.092,0.09,0,0.09,,1,0.009,,,,3,0,0,0,3,,0.09,0,0,0,0,0,0,,,,0,0,0,0,0,0,0,0,0,0,0,0,0,0,0,0,0,0,0,11.9,,,,0.6,,8.3,,12.7,0,0,0,0,0,0,0,0,,,0,0.04,,,0,0.03,0,0,8.7,8.3,0.1,0.05,2.3,2.19,,,1.1,1.06,,,2.9,2.79,,,1.6,1.51,16.7,15.97,,,0,0,0,0,0.1,0.07,0,0.04,46.8,44.76,1.4,1.33,0.1,0.07,0,0,48.39,46.26,,,,,26.1,24.96,0.2,0.23,,,0,0,,,,,0,0,0,0,0,0,,,0,0,0,0,0,0,0,0,0,0,,,0,0,,,26.35,25.19,0,0,,,2.1,1978.92,0,0,0,0,,,,,,,,,,,,,,,,,,,,,,,,,,,,,,,,,,
F006185,14402,"Oil, rice bran",3404,3404,0,0,0,92,0,0,0,0,0,0,0,0,0,,0,0,0,0,,,,,,,,,,,,0,0,,,,,,,,,,,,,,,0,,,,,,0,0.01,,0,,,,,0,0,0.3,0,,,0.01,0,,0,,0,0,,,,0,0,0,0,0,,0,,0,0,0,0,0,0,0,0,0,0,0,29.7,,,,,,,,29.72,0,0,0,0,0,0,0,0,,,0,0,0,0,0.4,0.35,0,0,18.1,17.33,0.1,0.09,1.9,1.85,0,0,0.8,0.79,,,0.3,0.26,,,0.5,0.44,22.08,21.11,,,0,0,0,0,0.2,0.18,0,0,37.4,35.8,0.6,0.53,0,0,0,0,38.18,36.5,,,,,30.5,29.11,1.1,1.06,,,0,0,,,0,0,0,0,0,0,0,0,,,0,0,0,0,,,0,0,0,0,,,0,0,,,31.56,30.17,0,0,,,0.4,351.81,0,0,0,0,,,,,,,,,,,,,,,,,,,,,,,,,,,,,,,,,,
F006188,14401,"Oil, soybean",3404,3404,0,0,0,92,0,0,0,0,0,0,0,0,0,,0,0,0,0,,,,,,,,,,,,0,0,,,,,,,,,,,,,,,0,,5,,0,0,0,0,,0,0,,,,0,0,0,0,0,,0,0,0,0,0,0,0,,,,0,0,0,0,0,0,0,0,0,0,0,0,0,0,0,0,0,0,0,8.3,,,,26.7,,48.8,,13.16,0,0,0,0,0,0,0,0,,,0,0,,,0,0.04,0,0,9.2,8.84,0,0,3.6,3.43,,,0.4,0.35,,,0.4,0.4,,,0.1,0.09,13.75,13.15,,,0,0,0,0,0,0,0,0,21.2,20.27,0.2,0.22,0,0,0,0,21.44,20.49,,,,,50.9,48.64,5.1,4.88,,,0,0,,,,,0,0,0,0,0,0,,,0,0,0,0,0,0,0,0,0,0,,,0,0,,,55.98,53.52,0,0,,,2.1,1978.92,0,0,0,0,,,,,,,,,,,,,,,,,,,,,,,,,,,,,,,,,,
F006189,14401,"Oil, sunflower",3404,3404,0,0,0,92,0,0,0,0,0,0,0,0,0,,0,0,0,0,,,,,,,,,,,,0,0,,,,,,,,,,,,,,,0,,0,,0,0.01,0,0,,0,0,,,,0,0,0,0,3,,0.01,0,0,0,0,0,0,,,,0,0,0,0,0,0,0,0,0,0,0,0,0,0,0,0,0,0,0,51.5,,,,4,,0.9,,51.61,0,0,0,0,0,0,0,0,,,0,0,,,0.1,0.08,0,0,5.7,5.43,0.1,0.05,3,2.84,,,0.2,0.21,,,0.6,0.55,,,0.2,0.18,9.78,9.35,,,0,0,0,0,0.1,0.14,0,0,26.5,25.32,0.1,0.14,0,0,0,0,26.78,25.6,,,,,54.3,51.87,0.2,0.18,,,0,0,,,,,0,0,0,0,0,0,,,0,0,0,0,0,0,0,0,0,0,,,0,0,,,54.45,52.05,0,0,,,2.1,1978.92,0,0,0,0,,,,,,,,,,,,,,,,,,,,,,,,,,,,,,,,,,
F006191,14401,"Oil, vegetable",3404,3404,0,0,0,92,0,0,0,0,0,0,0,0,0,,0,0,0,0,,,,,,,,,,,,0,0,,,,,,,,,,,,,,,0,,,,,,0,0.01,,0,,,,,0,0,0,0,,,0.01,0,,0,,0,0,,,,0,0,0,0,0,,0,,0,0,0,0,0,0,0,0,0,0,0,12.9,,,,,,,,15.27,,0,,0,,0,,0,,,,0,,0,,0.02,,0,,6.24,,0.04,,2.62,,0,,0.4,,,,0.26,,,,0.09,,9.68,,,,0,,0,,0.13,,0.04,,38.15,,0.64,,0.04,,0.09,,39.1,,,,,,30.21,,7.3,,,,65.96,,,,153.92,,0,,0,,0,,,,0,,0,,,,0,,0,,,,0,,,,37.73,,0,,,,1978.92,0,0,,0,,,,,,,,,,,,,,,,,,,,,,,,,,,,,,,,,,
F000124,16404,"Apricot, canned in pear juice, juice only",196,196,91.2,0.5,0.08,0,0.5,0,0,4.3,2.3,2.5,0,0,,,9.1,0,9.1,0,,,,,,,,,,1.9,,9.1,11,,0.2,,0,0.8,0,,0,,,,,,,7,,,,,,0,0.42,,9,,,,,13,273,0,5,,,0.21,0,0,0,0,0,0,,,,0.021,0.021,0.63,0,0.63,,0,,0,46,0,46,46,5,0,0,0,0,0,0,,,,,,,,0.02,,,,,,,,,,,,,,,,,,,,,,,,,,,,,,,,,,,,,0,0,,,,,,,,,,,,,,,,,,,0,0,,,,,0,0,0,0,,,,,,,,,,,,,,,,,,,0,0,,,,,0,0,,,0,0,,,0,0,0,0,,,0,0,0,0,0,0,,,,,,,,,,,,,,,,,,,,,,,,,,,,,,,,,,
F002517,16404,"Cherry, black, canned in syrup, syrup only",299,299,83,0.5,0.08,0,0.2,0,0,7,7.7,2,0,0,,,16.6,16.6,16.6,0,,,,,,,,,,1.1,,16.6,17.8,,0,,0,0.6,0,,0,,,,,,,6,,,,0,,0,1.25,,6,0.083,,,,9,125,0,3,,,0,0,0,0,0,0,0,,,,0,0,0,0,0,,0.05,,0,0,0,0,0,0,0,0,0,0,0,0,,,,,,,,0,,,,,,,,,,,,,,,,,,,,,,,,,,,,,,,,,,,,,0,0,,,,,,,,,,,,,,,,,,,0,0,,,,,0,0,0,0,,,,,,,,,,,,,,,,,,,0,0,,,,,0,0,,,0,0,,,0,0,0,0,,,0,0,0,0,0,0,,,,,,,,,,,,,,,,,,,,,,,,,,,,,,,,,,
F004143,16702,"Fruit salad, canned in fruit juice, juice only",198,197,89.8,0.4,0.07,0,0.4,0.2,0,4.4,2.9,3.3,0,0,,,10.6,0,9.3,0,,,,,,,,,,0.8,,10.6,11.4,,0.3,,0,0.4,0,,0,,0,,,,,6,,,,,,0,0.31,,9,,,,,12,177,0,5,,,0.26,0,,22,,22,4,,,,0.01,0.031,0.42,0,0.42,,0,,0,46,0,46,46,4,0,0,0,0,0,0.2,,,,,,,,0.2,,,,,,,,,,,,,,,,,,,,,,,,,,,,,,,,,,,,,0,0,,,,,,,,,,,,,,,,,,,0,0,,,,,0,0,0,0,,,,,,,,,,,,,,,,,,,0,0,,,,,0,0,,,0,0,,,0,0,0,0,,,0,0,0,0,0,0,,,,,,,,,,,,,,,,,,,,,,,,,,,,,,,,,,
F005292,16304,"Mandarin, canned in syrup, syrup only",232,232,88,0.3,0.04,0,0.1,0,0,4.8,4.6,4.4,0,0,,,13.7,13.7,13.7,0,,,,,,,,,,0,,13.7,13.7,,0.7,,0,0.1,0,,0,,,,,,,5,,,,0,,0,0.31,,5,0,,,,6,75,0,4,,,0.1,0,0,0,0,0,0,,,,0,0,0,0,0,,0,,0,0,0,0,0,12,0,0,0,0,0,0,,,,,,,,0,,,,,,,,,,,,,,,,,,,,,,,,,,,,,,,,,,,,,0,0,,,,,,,,,,,,,,,,,,,0,0,,,,,0,0,0,0,,,,,,,,,,,,,,,,,,,0,0,,,,,0,0,,,0,0,,,0,0,0,0,,,0,0,0,0,0,0,,,,,,,,,,,,,,,,,,,,,,,,,,,,,,,,,,
F006555,16402,"Peach, canned in pear juice, juice only",186,184,94.6,0.4,0.06,0,0.4,0.3,0,4.1,2.1,2.9,0,0,,,9.1,0,9.1,0,,,,,,,,,,1.2,,9.1,10.3,,0.3,,0,0.7,0,,0.2,,,,,,,4,3.3,,,,,0.8,0.43,,7,,,0,10,11,182,0,10,,,0.21,0,,0,,0,0,,,,0,0.021,0.32,0,0.32,,0.03,,0,47,0,47,47,12,0,0,0,0,0,0,,,,,,,,0.04,,,,,,,,,,,,,,,,,,,,,,,,,,,,,,,,,,,,,0,0,,,,,,,,,,,,,,,,,,,0,0,,,,,0,0,0,0,,,,,,,,,,,,,,,,,,,0,0,,,,,0,0,,,0,0,,,0,0,0,0,,,0,0,0,0,0,0,,,,,,,,,,,,,,,,,,,,,,,,,,,,,,,,,,
F006595,16104,"Pear, canned in pear juice, juice only",198,196,94.4,0.3,0.04,0,0.4,0.2,0,7.1,1.7,0.7,0,0,,,9.5,0,9.4,0,,,,,,,,,,2.3,,9.5,11.8,,0.2,,0,0.2,0,,0,,,,,,,7,,,,,,0,0.32,,5,,,,,13,102,0,6,,,0.21,0,,22,,22,4,,,,0,0.011,0,0.03,0.03,,0,,0,47,0,47,47,1,0,0,0,0,0,0.2,,,,,,,,0.2,,,,,,,,,,,,,,,,,,,,,,,,,,,,,,,,,,,,,0,0,,,,,,,,,,,,,,,,,,,0,0,,,,,0,0,0,0,,,,,,,,,,,,,,,,,,,0,0,,,,,0,0,,,0,0,,,0,0,0,0,,,0,0,0,0,45,2,,,,,,,,,,,,,,,,,,,,,,,,,,,,,,,,,,
F006710,16505,"Pineapple, canned in pineapple juice, juice only",200,200,92.6,0.3,0.05,0,0.4,0,0,3.4,3.1,4.8,0,0,,,11.3,0,11.3,0,,,,,,,,,,0,,11.3,11.3,,0.9,,0,0.4,0,,0,,,,,,,6,,,,,,0,0.32,,13,,,,,9,171,0.1,1,,,0.32,0,,3,,3,1,,,,0.021,0.011,0.11,0.05,0.16,,0.11,,0,19,0,19,19,10,0,0,0,0,0,0.2,,,,,,,,0.21,,,,,,,,,,,,,,,,,,,,,,,,,,,,,,,,,,,,,0,0,,,,,,,,,,,,,,,,,,,0,0,,,,,0,0,0,0,,,,,,,,,,,,,,,,,,,0,0,,,,,0,0,,,0,0,,,0,0,0,0,,,0,0,0,0,62,3,,,,,,,,,,,,,,,,,,,,,,,,,,,,,,,,,,
F006713,16505,"Pineapple, canned in syrup, syrup only",514,514,105.1,0.4,0.07,0,0.3,0,0,7.1,6.8,16.7,0,0,,,30.6,30.6,30.6,0,,,,,,,,,,0,,30.6,30.6,,1.1,,0,0.6,0,,0,,,,,,,7,,,,,,0,0.42,,13,,,,,0,125,0,1,,,0.28,0,,0,,0,0,,,,0.056,0.028,0.28,0,0.28,,0,,0,0,0,0,0,13,0,0,0,0,0,0,,,,,,,,0,,,,,,,,,,,,,,,,,,,,,,,,,,,,,,,,,,,,,0,0,,,,,,,,,,,,,,,,,,,0,0,,,,,0,0,0,0,,,,,,,,,,,,,,,,,,,0,0,,,,,0,0,,,0,0,,,0,0,0,0,,,0,0,0,0,0,0,,,,,,,,,,,,,,,,,,,,,,,,,,,,,,,,,,
F006827,16404,"Plum, dark, canned in syrup, syrup only",491,491,104.9,0.3,0.06,0,0.3,0,0,14,13.6,1.8,0,0,,,29.5,29.5,29.5,0.1,,,,,,,,,,0,,29.6,29.6,,0,,0,1,0,,0.2,,,,,,,4,,,,0,,0,0.28,,6,0.097,,,,10,135,0,3,,,0.14,0,0,0,0,0,0,,,,0,0,0,0,0,,0,,0,0,0,0,0,0,0,0,0,0,0,0,,,,,,,,0,,,,,,,,,,,,,,,,,,,,,,,,,,,,,,,,,,,,,0,0,,,,,,,,,,,,,,,,,,,0,0,,,,,0,0,0,0,,,,,,,,,,,,,,,,,,,0,0,,,,,0,0,,,0,0,,,0,0,0,0,,,0,0,0,0,0,0,,,,,,,,,,,,,,,,,,,,,,,,,,,,,,,,,,
F007616,16202,"Raspberry, canned in syrup, syrup only",411,411,112.9,0.3,0.06,0,0.3,0,0,11.3,11.1,1.9,0,0,,,24.3,24.3,24.3,0,,,,,,,,,,0,,24.3,24.3,,1.5,,0,0.1,0,,0,,,,,,,7,,,,0,,0,0.97,,10,0.195,,,,7,108,0,6,,,0.14,0,0,0,0,0,0,,,,0,0,0,0,0,,0,,0,0,0,0,0,7,0,0,0,0,0,0,,,,,,,,0,,,,,,,,,,,,,,,,,,,,,,,,,,,,,,,,,,,,,0,0,,,,,,,,,,,,,,,,,,,0,0,,,,,0,0,0,0,,,,,,,,,,,,,,,,,,,0,0,,,,,0,0,,,0,0,,,0,0,0,0,,,0,0,0,0,0,0,,,,,,,,,,,,,,,,,,,,,,,,,,,,,,,,,,
F008947,16202,"Strawberry, canned in syrup, syrup only",446,446,109.4,0.2,0.03,0.3,0.3,0,0,12.2,12.1,1.8,0,0,,,26.1,26.1,26.1,0.1,,,,,,,,,,0.1,,26.3,26.4,,0.8,,0,0.2,0,,0,,,,,,,15,,,,0,,0,1.11,,8,0.209,,,,11,132,0,10,,,0,0,0,0,0,0,0,,,,0,0,0,0,0,,0,,0,0,0,0,0,18,0,0,0,0,0,0,,,,,,,,0,,,,,,,,,,,,,,,,,,,,,,,,,,,,,,,,,,,,,0,0,,,,,,,,,,,,,,,,,,,0,0,,,,,0,0,0,0,,,,,,,,,,,,,,,,,,,0,0,,,,,0,0,,,0,0,,,0,0,0,0,,,0,0,0,0,0,0,,,,,,,,,,,,,,,,,,,,,,,,,,,,,,,,,,
F002984,22203,"Coconut, fresh, mature, water or juice",87,87,93.5,0.5,0.09,0.1,0.8,0,0,0.2,1.3,3.2,0,0,,,4.7,0,4.7,0,,,,,,,,,,,,4.7,4.7,,,,,,,,,,,,,,,17,,,,0.01,,0,0.6,,11,1.03,,,,59,200,1,17,,,0.16,0,,0,,0,0,,,,0.02,0.01,0.08,0.08,0.16,,0.03,,0,3,0,3,3,0,0,0,0,0,0,0,,,,,,,,0,0,0,0.7,0,8.1,0.01,6.3,0.01,,,48.6,0.05,,,18.4,0.02,0,0,8.5,0.01,0,0,3.1,0,,,0,0,,,0,0,,,0,0,93.7,0.09,,,0,0,0,0,0,0,0,0,5.3,0,0,0,0,0,,,5.3,0,,,,,0.9,0,0,0,,,,,,,,,,,0,0,,,,,0,0,0,0,,,,,0,0,,,0,0,,,0.9,0,0,0,,,0,0,0,0,48,5,,,,,,,,,,,,,,,,,,,,,,,,,,,,,,,,,,
F002986,22203,"Coconut, fresh, young or immature, water or juice",109,109,95.2,0.2,0.04,0,0.2,0,0,2.4,2.7,1.5,0,0,,,6.6,0,6.6,0,,,,,,,,,,,,6.6,6.6,,,,,,,,,,,,,,,12,,,,0.22,,0,0.4,,11,1.02,,,,9,186,1,5,,,0.09,0,,0,,0,0,,,,0.01,0.02,0.08,0.03,0.11,,0.03,,0,3,0,3,3,0,0,0,0,0,0,0,,,,,,,,0,0,0,0.7,0,8.1,0,6.3,0,,,48.6,0,,,18.4,0,0,0,8.5,0,0,0,3.1,0,,,0,0,,,0,0,,,0,0,93.7,0,,,0,0,0,0,0,0,0,0,5.3,0,0,0,0,0,,,5.3,0,,,,,0.9,0,0,0,,,,,,,,,,,0,0,,,,,0,0,0,0,,,,,0,0,,,0,0,,,0.9,0,0,0,,,0,0,0,0,48,2,,,,,,,,,,,,,,,,,,,,,,,,,,,,,,,,,,
F002982,22203,"Coconut, cream, regular fat",926,926,44.5,1.6,0.31,23.7,0.3,0,0,0,0,1.4,0,0,,,1.4,0,0,0,,,,,,,,,,,,1.4,1.4,,,,,,,,,,,0,,0,0,2,0,255,,0.153,10.2,1.7,0.52,0,20,0.377,,1.9,,33,133,0,16,,,0.26,0,0,0,0,0,0,,,,0,0,0,0.19,0.19,0,0,2.2,0,0,0,0,0,0,0,0,0,0,0,0.7,,,,,,,,0.71,0,0,0.6,0.13,6.2,1.36,5.1,1.12,,,41.9,9.16,,,16.8,3.68,0,0,13.3,2.9,0,0,3.8,0.82,,,0.1,0.02,,,0,0,,,0,0,87.82,19.19,,,0,0,,,0,0,0,0,11,2.41,0,0,0,0,0,0,11.02,2.41,,,,,2.3,0.51,0,0,,,0,0,,,,,0,0,0,0,0,0,,,0,0,0,0,0,0,0,0,0,0,,,0,0,,,2.35,0.51,0,0,,,0,0,0,0,38,11,,,,,,,,,,,,,,,,,,,,,,,,,,,,,,,,,,
F002991,22203,"Coconut, milk, canned, regular fat",633,633,79.2,1.4,0.26,15.7,0.4,0,0,0,0,1.7,0,0,,,1.7,0,0,0,,,,,,,,,,,,1.7,1.7,,,,,,,,,,,0,,0,0,3,1.5,,,0.184,,2,0.67,0,27,0.469,,2,,41,163,0,27,,,0.32,0,,6,,6,1,,,,0,0,0,0.22,0.22,0,0,,0,0,0,0,0,0,0,0,0,0,0,0.2,,,,,,,,0.2,0,0,0.6,0.09,6.2,0.9,5.1,0.74,,,41.9,6.08,,,16.8,2.44,0,0,13.3,1.92,0,0,3.8,0.55,,,0.1,0.02,,,0,0,,,0,0,87.82,12.74,,,0,0,,,0,0,0,0,11,1.6,0,0,0,0,0,0,11.02,1.6,,,,,2.3,0.34,0,0,,,0,0,,,,,0,0,0,0,0,0,,,0,0,0,0,0,0,0,0,0,0,,,0,0,,,2.35,0.34,0,0,,,0,0,0,0,51,13,,,,,,,,,,,,,,,,,,,,,,,,,,,,,,,,,,
F002990,22203,"Coconut, milk, canned, reduced fat",293,293,91.5,0.6,0.12,7.2,0.1,0.1,0,0.1,0.1,0.7,0,0,,,0.9,0,0,0,,,,,,,,,,,,0.9,0.9,,,,,,,,,,,,,,,5,,,,0.204,,4.2,0.2,,6,0.745,,,,11,62,2.1,15,,,0.22,0,,6,,6,1,,,,0,0,0.1,0.09,0.19,,0.03,,0,0,0,0,0,0,0,0,0,0,0,0.8,,,,,,,,0.82,,,,,,,16.9,1.13,,,54.3,3.63,,,17.3,1.16,0,0,6.7,0.45,0,0,2.2,0.15,,,0,0,,,0,0,,,0,0,97.51,6.52,,,0,0,0,0,0,0,0,0,3.8,0.25,0,0,0,0,,,3.77,0.25,,,,,0.7,0.05,0,0,,,,,,,,,,,0,0,,,,,0,0,0,0,,,,,0,0,,,0,0,,,0.71,0.05,0,0,,,0,0,0,0,49,6,,,,,,,,,,,,,,,,,,,,,,,,,,,,,,,,,,
F009076,22102,"Tahini, sesame seed pulp",2664,2556,0.2,17.3,3.26,60.7,3.4,13.5,0,0,0,0.7,0,0,,,0.7,0,0,0.3,,,,,,,,,,,,1,1,,,,,,0.6,,,,,,0,3,3.1,330,,70,,1.595,110,0,5.1,1.7,320,1.1,0,,,730,190,20.6,79,200,0.3,5.53,0,0,7,0,7,1,,,,0.95,0.25,6.4,5.44,11.84,0.15,0.2,14,0,99,0,99,99,0,0,0,0,0,0,0,,,,,,2110,,211,,,,,,,0,0,,,0,0,,,0,0,0,0,8.9,5.16,0,0,4.1,2.38,,,0,0,,,0,0,,,0,0,13,7.54,,,,,0,0,0,0,0,0,38.3,22.22,0.4,0.23,0,0,,,38.7,22.46,,,,,48.1,27.91,0.2,0.12,,,,,,,,,,,0,0,,,,,0,0,0,0,,,,,0,0,,,0,0,,,48.3,28.03,0,0,,,2.2,1305.66,0,0,98,320,,,,,,,,,,,,,,,,,,,,,,,,,,,,,,,,,,
F008513,21301,"Soup, chicken & noodle, cup of soup, prepared from instant dry mix with water",80,78,95.6,0.7,0.12,0.2,1.1,0.3,0,0,0,0.3,0.1,0,0,,0.4,0.1,0.1,3.1,,,,,,,,,,,,3.5,3.5,,,,,,,,,,,,,,,5,,636,,0,2.02,5.8,0.1,,4,0.051,,,,7,11,0,444,7,,0,0,0,0,0,0,0,,,,0.051,0,0,0.13,0.13,0,0.01,0.5,0,1,0,1,1,0,0,0,0,0,0,0,,,,,,,,0.02,,,,,,,0,0,,,1.3,0,,,,,0,0,36.2,0.06,0.2,0,4.6,0.01,,,0,0,,,0,0,,,0,0,42.32,0.07,,,,,0,0,1.9,0,0,0,40.2,0.06,0,0,0,0,,,42.12,0.07,,,,,16.6,0.03,0,0,,,,,,,,,,,0,0,,,,,0,0,0,0,,,,,0,0,,,0,0,,,16.56,0.03,0,0,,,1.9,3.1,0,1,66,8,,,,,,,,,,,,,,,,,,,,,,,,,,,,,,,,,,
F004219,27102,"Glucose, liquid or syrup",1762,1762,28.4,0,0,0,0.1,0,0,0,26.4,0,19.5,0,,15.3,45.9,45.9,45.9,0,,,,,,60.5,,,,,,121.6,121.6,,,,,,,,,,,,,,,11,,264,,0.125,,0,0.7,,3,0,,,,15,4,0,208,,,0,0,,0,,0,0,,,,0,0,0,0,0,0,0,0,0,0,0,0,0,0,0,0,0,0,0,0,,,,,,,,0,,,,,,,,,,,,,,,,,,,0,0,,,,,,,,,,,,,,,,,0,0,,,,,,,,,,,0,0,,,,,,,0,0,,,,,0,0,0,0,,,,,,,,,,,,,,,,,,,0,0,,,,,0,0,,,0,0,,,0,0,0,0,,,0,0,0,0,0,0,,,,,,,,,,,,,,,,,,,,,,,,,,,,,,,,,,
F004380,27102,Honey,1885,1885,23.2,0.4,0.06,0,0.1,0,0,58.1,47.5,2.3,9.6,0,,,117.4,0,117.4,0,,,,,,,,,,,,117.4,117.4,,,,,,,,,,,,,,,11,,,,0,,0,0.29,,4,0.272,,,,4,89,1.1,20,,,3.72,0,,0,,0,0,,,,0,0,0,0.08,0.08,,0.02,,0,0,0,0,0,0,0,0,0,0,0,0,,0,,0,,0,,0,,,,,,,,,,,,,,,,,,,0,0,,,,,,,,,,,,,,,,,0,0,,,,,,,,,,,0,0,,,,,,,0,0,,,,,0,0,0,0,,,,,,,,,,,,,,,,,,,0,0,,,,,0,0,,,0,0,,,0,0,0,0,,,0,0,0,0,119,5,,,,,,,,,,,,,,,,,,,,,,,,,,,,,,,,,,
F009049,27102,"Syrup, golden",1732,1732,24.5,0.4,0.06,0,2.9,0,0,31.7,36.6,38.7,0.9,0,,,107.9,107.9,107.9,0,,,,,,,,,,,,107.9,107.9,,,,,,,,,,,,,,,331,,,,0.115,,0,4.75,,53,0.086,,,,0,878,1.2,187,,,0,0,,0,,0,0,,,,0,0,0.58,0,0.58,,0.27,,0,0,0,0,0,0,0,0,0,0,0,0,,,,,,,,0,,,,,,,,,,,,,,,,,,,0,0,,,,,,,,,,,,,,,,,0,0,,,,,,,,,,,0,0,,,,,,,0,0,,,,,0,0,0,0,,,,,,,,,,,,,,,,,,,0,0,,,,,0,0,,,0,0,,,0,0,0,0,,,0,0,0,0,0,0,,,,,,,,,,,,,,,,,,,,,,,,,,,,,,,,,,
F009052,27102,"Syrup, maple, pure",1439,1439,43.1,0.1,0.01,0.1,0.6,0,0,0.7,2.1,77.6,,,,,80.4,80.3,80.3,8.8,,,,,,,,,,,,89.1,89.1,,,,,,,,,,,,,,,136,,,,,,0,0.15,,28,,,,,3,282,0.8,16,,,1.96,0,0,0,,0,0,,,,0.088,1.689,0.11,0,0.11,,0,,0,0,0,0,0,0,0,0,0,0,0,0,,,,,,,,0,,,,,,,,,,,,,,,,,,,,,,,,,,,,,,,,,,,,,26.6,0.01,,,,,,,,,,,,,,,,,,,41.8,0.02,,,,,64.6,0.03,0,0,,,,,,,,,,,,,,,,,,,0,0,,,,,0,0,,,0,0,,,64.6,0.03,0,0,,,0,0,0,0,0,0,,,,,,,,,,,,,,,,,,,,,,,,,,,,,,,,,,